name,sku,price,payment_object,vat_type,tax_identity
Бризер Tion 3S Special,3S1,37990,commodity,vat20,2466276880
Бризер Tion 3S Standard,3S2,38990,commodity,vat20,2466276880
Бризер Tion 3S Plus,3S3,46990,commodity,vat20,2466276880
Бризер Tion 3S Smart,3S4,47990,commodity,vat20,2466276880
Комплект фильтров для Бризера Tion 3S,3S_filter,4790,commodity,vat20,2466276880
Фильтр первичной очистки G4 для Бризера Tion 3S,3S_filter_G4,690,commodity,vat20,2466276880
Фильтр HEPA H11 для Бризера Tion 3S,3S_filter_H11,1990,commodity,vat20,2466276880
Фильтр адсорбционно-каталитический АК-XL для Бризера Tion 3S,3S_filter_AKXL,2190,commodity,vat20,2466276880
Базовая станция Tion MagicAir,MAGICAIR,10900,commodity,vat20,2466276880
Модуль СО2+ системы Tion MagicAir,MAGICAIR_CO2,8900,commodity,vat20,2466276880
ИК-модуль системы Tion MagicAir,MAGICAIR_IK,4900,commodity,vat20,2466276880
Бризер Tion O2 Base,O21,23990,commodity,vat20,2466276880
Бризер Tion O2 Standard,O22,25990,commodity,vat20,2466276880
Бризер Tion O2 МАС,O23,26990,commodity,vat20,2466276880
Бризер Tion O2 Next,O24,34990,commodity,vat20,2466276880
Бризер Tion O2 ТОР,O25,35990,commodity,vat20,2466276880
Комплект фильтров для Бризера Tion O2,O2_filter,5170,commodity,vat20,2466276880
Фильтр базовый F7 для Бризера Tion O2,O2_filter_F7,1590,commodity,vat20,2466276880
Фильтр HEPA H11 для Бризера Tion O2,O2_filter_H11,1990,commodity,vat20,2466276880
Фильтр адсорбционно-каталитический АК для Бризера Tion O2,O2_filter_AK,1590,commodity,vat20,2466276880
Фильтр адсорбционно-каталитический АК-XXL для Бризера Tion O2,O2_filter_AKXXL,3490,commodity,vat20,2466276880
Бризер Tion Lite,Lite1,19900,commodity,vat20,2466276880
Бризер Tion Lite Eco,Lite2,18900,commodity,vat20,2466276880
Фильтр G4 для Бризера Tion Lite,Lite_G4,690,commodity,vat20,2466276880
Фильтр HEPA E11 для Бризера Tion Lite,Lite_E11,1590,commodity,vat20,2466276880
Бризер Ballu Air Master 2 BMAC-300 Base,BMAC1,29990,commodity,vat20,2466276880
Бризер Ballu Air Master 2 BMAC-300 Warm,BMAC2,33490,commodity,vat20,2466276880
Бризер Ballu Air Master 2 BMAC-300 Warm CO2,BMAC3,39990,commodity,vat20,2466276880
Бризер Ballu Air Master 2 BMAC-300 Warm WiFi,BMAC4,37490,commodity,vat20,2466276880
Бризер Ballu Air Master 2 BMAC-300 Warm CO2 WiFi,BMAC5,43990,commodity,vat20,2466276880
Рекуператор VAKIO Base,Vakio1,16900,commodity,vat20,2466276880
Рекуператор VAKIO Window,Vakio2,18900,commodity,vat20,2466276880
Рекуператор VAKIO Lumi,Vakio3,17900,commodity,vat20,2466276880
Рекуператор VAKIO Kiv,Vakio4,4900,commodity,vat20,2466276880
Рекуператор VAKIO Base Plus,Vakio5,19900,commodity,vat20,2466276880
Рекуператор VAKIO Window Plus,Vakio6,21900,commodity,vat20,2466276880
Рекуператор VAKIO Lumi Plus,Vakio7,20900,commodity,vat20,2466276880
Комплект монтажный канальный VAKIO,Vakio8,3900,commodity,vat20,2466276880
Фильтр класса F6 для VAKIO,Vakio_filter_F6,350,commodity,vat20,2466276880
Летний фильтр класса F6 для VAKIO Base,Vakio_filter_leto,1000,commodity,vat20,2466276880
Приточный клапан КИВ-125 комплект 0.5 м,kiv1,1800,commodity,vat20,2466276880
Приточный клапан КИВ-125 комплект 1 м,kiv2,2000,commodity,vat20,2466276880
Приточный клапан КИВ-125 Оголовок,kiv3,1000,commodity,vat20,2466276880
Кондиционер Kentatsu Bravo KSGB26HZAN1/ KSRB26HZAN1,KSGB26HZAN1,26300,commodity,vat20,2466276880
Кондиционер Kentatsu Bravo KSGB35HZAN1/ KSRB35HZAN1,KSGB35HZAN1,29000,commodity,vat20,2466276880
Кондиционер Kentatsu Bravo KSGB53HZAN1/ KSR53HZAN1,KSGB53HZAN1,52700,commodity,vat20,2466276880
Кондиционер Kentatsu Bravo KSGB70HZAN1/ KSRB70HZAN1,KSGB70HZAN1,66100,commodity,vat20,2466276880
Кондиционер Kentatsu Bravo KSGB21HFAN1/ KSRB21HFAN1,KSGB21HFAN1,18000,commodity,vat20,2466276880
Кондиционер Kentatsu Bravo KSGB26HFAN1/ KSRB26HFAN1,KSGB26HFAN1,19600,commodity,vat20,2466276880
Кондиционер Kentatsu Bravo KSGB35HFAN1/ KSRB35HFAN1,KSGB35HFAN1,25900,commodity,vat20,2466276880
Кондиционер Kentatsu Bravo KSGB53HFAN1/ KSRB53HFAN1,KSGB53HFAN1,35900,commodity,vat20,2466276880
Кондиционер Kentatsu Bravo KSGB70HFAN1/ KSRB70HFAN1,KSGB70HFAN1,47500,commodity,vat20,2466276880
Кондиционер Kentatsu Bravo (до -40 С) KSGB21HFAN1/ KSRB21HFAN1/-40,KSGB21HFAN140,29200,commodity,vat20,2466276880
Кондиционер Kentatsu Bravo (до -40 С) KSGB26HFAN1/ KSRB26HFAN1/-40,KSGB26HFAN140,30900,commodity,vat20,2466276880
Кондиционер Kentatsu Bravo (до -40 С) KSGB35HFAN1/ KSRB35HFAN1/-40,KSGB35HFAN140,37600,commodity,vat20,2466276880
Кондиционер Kentatsu Bravo (до -40 С) KSGB53HFAN1/ KSRB53HFAN1/-40,KSGB53HFAN140,55000,commodity,vat20,2466276880
Кондиционер Kentatsu Bravo (до -40 С) KSGB70HFAN1/ KSRB70HFAN1/-40,KSGB70HFAN140,68700,commodity,vat20,2466276880
Кондиционер Kentatsu Quantum KSGQ21HFAN1/ KSRQ21HFAN1,KSGQ21HFAN1,18000,commodity,vat20,2466276880
Кондиционер Kentatsu Quantum KSGQ26HFAN1/ KSRQ26HFAN1,KSGQ26HFAN1,19600,commodity,vat20,2466276880
Кондиционер Kentatsu Quantum KSGQ35HFAN1/ KSRQ35HFAN1,KSGQ35HFAN1,25900,commodity,vat20,2466276880
Кондиционер Kentatsu Quantum KSGQ50HFAN1/ KSRQ50HFAN1,KSGQ50HFAN1,35900,commodity,vat20,2466276880
Кондиционер Kentatsu Quantum KSGQ61HFAN1/ KSRQ61HFAN1,KSGQ61HFAN1,43900,commodity,vat20,2466276880
Кондиционер Kentatsu Quantum KSGQ80HFAN1/ KSRQ80HFAN1,KSGQ80HFAN1,64600,commodity,vat20,2466276880
Кондиционер Kentatsu Quantum KSGQ95HFAN1/ KSRQ95HFAN1,KSGQ95HFAN1,89000,commodity,vat20,2466276880
Кондиционер Kentatsu Naomi KSGN105HFAN1/ KSRN105HFAN1,KSGN105HFAN1,92700,commodity,vat20,2466276880
Кондиционер Kentatsu Naomi (до -40 С) KSGN105HFAN1/ KSRN105HFAN1/-40,KSGN105HFAN140,123000,commodity,vat20,2466276880
Кондиционер Kentatsu Titan Genesis KSGX26HFAN1/ KSRX26HFAN1,KSGX26HFAN1,33300,commodity,vat20,2466276880
Кондиционер Kentatsu Titan Genesis KSGX35HFAN1/ KSRX35HFAN1,KSGX35HFAN1,38200,commodity,vat20,2466276880
Кондиционер Kentatsu Titan Genesis KSGX53HFAN1/ KSRX53HFAN1,KSGX53HFAN1,49900,commodity,vat20,2466276880
Кондиционер Kentatsu Titan Genesis KSGX70HFAN1/ KSRX70HFAN1,KSGX70HFAN1,65700,commodity,vat20,2466276880
Кондиционер Kentatsu Turin KSGU21HZAN1/KSRU21HZAN1,KSGU21HZAN1,25650,commodity,vat20,2466276880
Кондиционер Kentatsu Turin KSGU26HZAN1/KSRU26HZAN1,KSGU26HZAN1,26300,commodity,vat20,2466276880
Кондиционер Kentatsu Turin KSGU35HZAN1/KSRU35HZAN1,KSGU35HZAN1,29000,commodity,vat20,2466276880
Кондиционер Kentatsu Turin KSGU50HZAN1/KSRU50HZAN1,KSGU50HZAN1,52700,commodity,vat20,2466276880
Кондиционер Kentatsu Turin KSGU60HZAN1/KSRU60HZAN1,KSGU60HZAN1,59000,commodity,vat20,2466276880
Кондиционер Midea Ultimate Comfort MSMTBU-09HRFN1/ MOBA01-09HFN1,Ultimate09,41800,commodity,vat20,2466276880
Кондиционер Midea Ultimate Comfort MSMTBU-12HRFN1/ MOBA01-12HFN1,Ultimate12,48800,commodity,vat20,2466276880
Кондиционер Midea Ultimate Comfort MSMTD-18HRFN1/ MOB01-18HFN1,Ultimate18,59300,commodity,vat20,2466276880
Кондиционер Midea Ultimate Comfort MSMTD-24HRFN1/ MOCA01-24HFN1,Ultimate24,68300,commodity,vat20,2466276880
Кондиционер Midea Mission  MSMBA-07HRN1(W)/ MOAB01-07HN1,Mission07,19550,commodity,vat20,2466276880
Кондиционер Midea Mission MSMBA-09HRN1(W)/ MOAB01-09HN1,Mission09,20600,commodity,vat20,2466276880
Кондиционер Midea Mission MSMBB-12HRN1(W)/ MOBA02-12HN1,Mission12,24050,commodity,vat20,2466276880
Кондиционер Midea Blanc MSMAAU-07HRDN1/ MOBA03-07HFN1,Blanc_inv07,28000,commodity,vat20,2466276880
Кондиционер Midea Blanc MSMAAU-09HRDN1/ MOBA03-09HFN1,Blanc_inv09,30200,commodity,vat20,2466276880
Кондиционер Midea Blanc MSMABU-12HRDN1/ MOBA03-12HFN1,Blanc_inv12,31200,commodity,vat20,2466276880
Кондиционер Midea Blanc MSMACU-18HRFN1/ MOB02-19HFN1,Blanc_inv18,54800,commodity,vat20,2466276880
Кондиционер Midea Blanc MSMADU-24HRFN1/ MOCA02-24HFN1,Blanc_inv24,67200,commodity,vat20,2466276880
Кондиционер Midea Blanc MSMA1A-07HRN1/MOAB02-07HN1,Blanc07,18000,commodity,vat20,2466276880
Кондиционер Midea Blanc MSMA1A-09HRN1/MOAB02-09HN1,Blanc09,19600,commodity,vat20,2466276880
Кондиционер Midea Blanc MSMA1B-12HRN1/MOBA01-12HN1,Blanc12,25900,commodity,vat20,2466276880
Кондиционер Midea Blanc MSMA1C-17HRN1/MOBA01-18HN1,Blanc18,35900,commodity,vat20,2466276880
Кондиционер Midea Blanc MSMA1D-24HRN1/MOCA02-24HN1,Blanc24,47500,commodity,vat20,2466276880
Кондиционер Hisense NEO Premium Classic A AS-07HR4SYDTG035,NEO_Pr_Cl07,17890,commodity,vat20,2466276880
Кондиционер Hisense NEO Premium Classic A AS-10HR4SYDTG5,NEO_Pr_Cl10,19690,commodity,vat20,2466276880
Кондиционер Hisense NEO Premium Classic A AS-13HR4SVDTG5,NEO_Pr_Cl13,25290,commodity,vat20,2466276880
Кондиционер Hisense NEO Premium Classic A AS-18HR4SMATG015,NEO_Pr_Cl18,37790,commodity,vat20,2466276880
Кондиционер Hisense NEO Premium Classic A AS-24HR4SBATG005,NEO_Pr_Cl24,48390,commodity,vat20,2466276880
Кондиционер Hisense STRONG NEO Premium Classic A AS-36HR4SDKVT,Strong_NEO_Pr_Cl36,86390,commodity,vat20,2466276880
Кондиционер Hisense BLACK STAR Classic A AS-07HR4SYDDE035,BLACK_ST_Cl07,22990,commodity,vat20,2466276880
Кондиционер Hisense BLACK STAR Classic A AS-09HR4SYDDEB35,BLACK_ST_Cl09,24990,commodity,vat20,2466276880
Кондиционер Hisense BLACK STAR Classic A AS-12HR4SVDDEB15 ,BLACK_ST_Cl12,31690,commodity,vat20,2466276880
Кондиционер Hisense NEO Classic A AS-07HR4SYCDC5,NEO_Cl07,16290,commodity,vat20,2466276880
Кондиционер Hisense NEO Classic A AS-09HR4SYCDC5,NEO_Cl09,17890,commodity,vat20,2466276880
Кондиционер Hisense NEO Classic A AS-12HR4SVDDC15,NEO_Cl12,23490,commodity,vat20,2466276880
Кондиционер Hisense NEO Classic A AS-18HR4SMADC015,NEO_Cl18,36290,commodity,vat20,2466276880
Кондиционер Hisense NEO Classic A AS-24HR4SBADC005,NEO_Cl24,46390,commodity,vat20,2466276880
Кондиционер Hisense BASIC A AS-07HR4SYDDL03G,BASIC_A07,15690,commodity,vat20,2466276880
Кондиционер Hisense BASIC A AS-09HR4SYDDL3G,BASIC_A09,17290,commodity,vat20,2466276880
Кондиционер Hisense BASIC A AS-12HR4SVDDL1G,BASIC_A12,22790,commodity,vat20,2466276880
Кондиционер Hisense BASIC A AS-18HR4SMADL01G,BASIC_A18,35590,commodity,vat20,2466276880
Кондиционер Hisense BASIC A AS-24HR4SBADL00G,BASIC_A24,45290,commodity,vat20,2466276880
Кондиционер Hisense LUX Design SUPER DC Inverter AS-10UW4SVETS10,LUX_Dsgn_Inv10,49090,commodity,vat20,2466276880
Кондиционер Hisense LUX Design SUPER DC Inverter AS-13UW4SVETS10,LUX_Dsgn_Inv13,52190,commodity,vat20,2466276880
Кондиционер Hisense Premium CHAMPAGNE SUPER DC Inverter AS-10UR4SVETG67(C),Pr_CHAMP_Inv10,45190,commodity,vat20,2466276880
Кондиционер Hisense Premium CHAMPAGNE SUPER DC Inverter AS-13UR4SVETG67(C) ,Pr_CHAMP_Inv13,47990,commodity,vat20,2466276880
Кондиционер Hisense Premium DESIGN SUPER DC Inverter AS-10UR4SVETG67,Pr_DSGN_SPR_Inv10,39390,commodity,vat20,2466276880
Кондиционер Hisense Premium DESIGN SUPER DC Inverter AS-13UR4SVETG67,Pr_DSGN_SPR_Inv13,45190,commodity,vat20,2466276880
Кондиционер Hisense Premium DESIGN SUPER DC Inverter AS-18UR4SFATG67,Pr_DSGN_SPR_Inv18,64890,commodity,vat20,2466276880
Кондиционер Hisense Premium FUTURE Design DC Inverter AS-10UR4SRXQB,Pr_FTR_Dsgn_Inv10,49490,commodity,vat20,2466276880
Кондиционер Hisense Premium FUTURE Design DC Inverter AS-13UR4SSXQB,Pr_FTR_Dsgn_Inv13,57190,commodity,vat20,2466276880
Кондиционер Hisense BLACK STAR DC Inverter AS-07UR4SYDDE025,BLACK_ST_Inv07,34390,commodity,vat20,2466276880
Кондиционер Hisense BLACK STAR DC Inverter AS-09UR4SYDDEIB15,BLACK_ST_Inv09,36590,commodity,vat20,2466276880
Кондиционер Hisense BLACK STAR DC Inverter AS-11UR4SYDDEIB15,BLACK_ST_Inv11,41090,commodity,vat20,2466276880
Кондиционер Hisense BLACK STAR DC Inverter AS-13UR4SVDDEIB15,BLACK_ST_Inv13,43490,commodity,vat20,2466276880
Кондиционер Hisense EXPERT EU DC Inverter AS-10UR4SYDTDI7,EXPERT_EU_Inv10,33690,commodity,vat20,2466276880
Кондиционер Hisense EXPERT EU DC Inverter AS-13UR4SYDTDI7,EXPERT_EU_Inv13,38990,commodity,vat20,2466276880
Кондиционер Hisense EXPERT EU DC Inverter AS-18UW4SXATD077,EXPERT_EU_Inv18,61890,commodity,vat20,2466276880
Кондиционер Hisense EXPERT EU DC Inverter AS-24UW4SDBTD107,EXPERT_EU_Inv24,76790,commodity,vat20,2466276880
Кондиционер Hisense SMART DC Inverter AS-07UR4SYDDB15,SMART_Inv07,26290,commodity,vat20,2466276880
Кондиционер Hisense SMART DC Inverter AS-09UR4SYDDB15,SMART_Inv09,27790,commodity,vat20,2466276880
Кондиционер Hisense SMART DC Inverter AS-11UR4SYDDB15,SMART_Inv11,31290,commodity,vat20,2466276880
Кондиционер Hisense SMART DC Inverter AS-13UR4SVDDB5,SMART_Inv13,33690,commodity,vat20,2466276880
Кондиционер Hisense SMART DC Inverter AS-18UR4SMADB035,SMART_Inv18,52590,commodity,vat20,2466276880
Кондиционер Hisense SMART DC Inverter AS-24UR4SBBDB015,SMART_Inv24,65590,commodity,vat20,2466276880
Кондиционер ROYAL CLIMA GLORIA RC-G25HN,RC_GLORIA25,15890,commodity,vat20,2466276880
Кондиционер ROYAL CLIMA GLORIA RC-G30HN,RC_GLORIA30,17290,commodity,vat20,2466276880
Кондиционер ROYAL CLIMA GLORIA RC-G39HN,RC_GLORIA39,22890,commodity,vat20,2466276880
Кондиционер ROYAL CLIMA GLORIA RC-G60HN,RC_GLORIA60,36190,commodity,vat20,2466276880
Кондиционер ROYAL CLIMA GLORIA RC-G76HN,RC_GLORIA76,44390,commodity,vat20,2466276880
Кондиционер ROYAL CLIMA PRESTIGIO RC-P25HN,RC_PRESTIGIO25,18490,commodity,vat20,2466276880
Кондиционер ROYAL CLIMA PRESTIGIO RC-P30HN,RC_PRESTIGIO30,20690,commodity,vat20,2466276880
Кондиционер ROYAL CLIMA PRESTIGIO RC-P40HN,RC_PRESTIGIO40,27190,commodity,vat20,2466276880
Кондиционер ROYAL CLIMA PRESTIGIO RC-P61HN,RC_PRESTIGIO61,42290,commodity,vat20,2466276880
Кондиционер ROYAL CLIMA PRESTIGIO RC-P77HN,RC_PRESTIGIO77,52090,commodity,vat20,2466276880
Кондиционер ROYAL CLIMA TRIUMPH RC-TW25HN,RC_TRIUMPH25,15890,commodity,vat20,2466276880
Кондиционер ROYAL CLIMA TRIUMPH RC-TW30HN,RC_TRIUMPH30,17290,commodity,vat20,2466276880
Кондиционер ROYAL CLIMA TRIUMPH RC-TW39HN,RC_TRIUMPH39,22890,commodity,vat20,2466276880
Кондиционер ROYAL CLIMA TRIUMPH RC-TW60HN,RC_TRIUMPH60,36190,commodity,vat20,2466276880
Кондиционер ROYAL CLIMA TRIUMPH RC-TW76HN,RC_TRIUMPH76,44390,commodity,vat20,2466276880
Кондиционер ROYAL CLIMA TRIUMPH GOLD RC-TG25HN,RC_TRIUMPH_G25,15890,commodity,vat20,2466276880
Кондиционер ROYAL CLIMA TRIUMPH GOLD RC-TG30HN,RC_TRIUMPH_G30,17290,commodity,vat20,2466276880
Кондиционер ROYAL CLIMA TRIUMPH GOLD RC-TG39HN,RC_TRIUMPH_G39,22890,commodity,vat20,2466276880
Кондиционер ROYAL CLIMA VELA RC-VR24HN,RC_VELA24,17790,commodity,vat20,2466276880
Кондиционер ROYAL CLIMA VELA RC-VR29HN,RC_VELA29,19590,commodity,vat20,2466276880
Кондиционер ROYAL CLIMA VELA RC-VR39HN,RC_VELA39,25490,commodity,vat20,2466276880
Кондиционер ROYAL CLIMA VELA RC-VR58HN,RC_VELA58,40390,commodity,vat20,2466276880
Кондиционер ROYAL CLIMA VELA RC-VR76HN,RC_VELA76,49790,commodity,vat20,2466276880
Кондиционер ROYAL CLIMA VELA RC-VR84HN,RC_VELA84,66090,commodity,vat20,2466276880
Кондиционер ROYAL CLIMA VISTA RC-VT22HN,RC_VISTA22,17490,commodity,vat20,2466276880
Кондиционер ROYAL CLIMA VISTA RC-VT28HN,RC_VISTA28,18990,commodity,vat20,2466276880
Кондиционер ROYAL CLIMA VISTA RC-VT37HN,RC_VISTA37,24990,commodity,vat20,2466276880
Кондиционер ROYAL CLIMA VISTA RC-VT52HN,RC_VISTA52,39890,commodity,vat20,2466276880
Кондиционер ROYAL CLIMA VISTA RC-VT71HN,RC_VISTA71,49390,commodity,vat20,2466276880
Кондиционер ROYAL CLIMA VELA GRANDE RC-VG36HN,RC_VELA_GR36,74790,commodity,vat20,2466276880
Кондиционер ROYAL CLIMA SPARTA FULL DC EU Inverter RCI-SA30HN,RC_SPARTA30,31090,commodity,vat20,2466276880
Кондиционер ROYAL CLIMA SPARTA FULL DC EU Inverter RCI-SA40HN,RC_SPARTA40,33390,commodity,vat20,2466276880
Кондиционер ROYAL CLIMA PRESTIGIO FULL DC EU Inverter RCI-P32HN,RC_PRESTIGIO_INV32,29090,commodity,vat20,2466276880
Кондиционер ROYAL CLIMA PRESTIGIO FULL DC EU Inverter RCI-P41HN,RC_PRESTIGIO_INV41,31390,commodity,vat20,2466276880
Кондиционер ROYAL CLIMA PRESTIGIO FULL DC EU Inverter RCI-P61HN,RC_PRESTIGIO_INV61,50790,commodity,vat20,2466276880
Кондиционер ROYAL CLIMA PRESTIGIO FULL DC EU Inverter RCI-P81HN,RC_PRESTIGIO_INV81,63790,commodity,vat20,2466276880
Кондиционер ROYAL CLIMA TRIUMPH Inverter RCI-T26HN,RC_TRIUMPH_INV26,24190,commodity,vat20,2466276880
Кондиционер ROYAL CLIMA TRIUMPH Inverter RCI-T30HN,RC_TRIUMPH_INV30,25290,commodity,vat20,2466276880
Кондиционер ROYAL CLIMA TRIUMPH Inverter RCI-T38HN,RC_TRIUMPH_INV38,28290,commodity,vat20,2466276880
Кондиционер ROYAL CLIMA TRIUMPH Inverter RCI-T60HN,RC_TRIUMPH_INV60,48590,commodity,vat20,2466276880
Кондиционер ROYAL CLIMA TRIUMPH Inverter RCI-T78HN,RC_TRIUMPH_INV78,58690,commodity,vat20,2466276880
Кондиционер ROYAL CLIMA TRIUMPH GOLD Inverter RCI-TG26HN,RC_TRIUMPH_G_INV26,24190,commodity,vat20,2466276880
Кондиционер ROYAL CLIMA TRIUMPH GOLD Inverter RCI-TG30HN,RC_TRIUMPH_G_INV30,25290,commodity,vat20,2466276880
Кондиционер ROYAL CLIMA TRIUMPH GOLD Inverter RCI-TG38HN,RC_TRIUMPH_G_INV38,28290,commodity,vat20,2466276880
Кондиционер ROYAL CLIMA VELA Inverter RCI-VR22HN,RC_VELA_INV22,26990,commodity,vat20,2466276880
Кондиционер ROYAL CLIMA VELA Inverter RCI-VR29HN,RC_VELA_INV29,28190,commodity,vat20,2466276880
Кондиционер ROYAL CLIMA VELA Inverter RCI-VR37HN,RC_VELA_INV37,31590,commodity,vat20,2466276880
Кондиционер ROYAL CLIMA VELA Inverter RCI-VR57HN,RC_VELA_INV57,54690,commodity,vat20,2466276880
Кондиционер ROYAL CLIMA VELA Inverter RCI-VR78HN,RC_VELA_INV78,65890,commodity,vat20,2466276880
Кондиционер Axioma ASX07B1/ASB07B1,ASX_B07,14900,commodity,vat20,2466276880
Кондиционер Axioma ASX09B1/ASB09B1,ASX_B09,16200,commodity,vat20,2466276880
Кондиционер Axioma ASX12B1/ASB12B1,ASX_B12,21500,commodity,vat20,2466276880
Кондиционер Daikin Emura FTXJ20MS/RXJ20M,FTXJ20MS,119100,commodity,vat20,2466276880
Кондиционер Daikin Emura FTXJ25MS/RXJ25M,FTXJ25MS,125700,commodity,vat20,2466276880
Кондиционер Daikin Emura FTXJ35MS/RXJ35M,FTXJ35MS,145200,commodity,vat20,2466276880
Кондиционер Daikin Emura FTXJ50MS/RXJ50M,FTXJ50MS,240400,commodity,vat20,2466276880
Кондиционер Daikin Emura FTXJ20MW/RXJ20M,FTXJ20MW,111900,commodity,vat20,2466276880
Кондиционер Daikin Emura FTXJ25MW/RXJ25M,FTXJ25MW,118100,commodity,vat20,2466276880
Кондиционер Daikin Emura FTXJ35MW/RXJ35M,FTXJ35MW,136300,commodity,vat20,2466276880
Кондиционер Daikin Emura FTXJ50MW/RXJ50M,FTXJ50MW,223900,commodity,vat20,2466276880
Кондиционер Daikin Sensira FTXB20C/ RXB20C,FTXB20,42700,commodity,vat20,2466276880
Кондиционер Daikin Sensira FTXB25C/ RXB25C,FTXB25,44100,commodity,vat20,2466276880
Кондиционер Daikin Sensira FTXB35C/ RXB35C,FTXB35,45800,commodity,vat20,2466276880
Кондиционер Daikin Sensira FTXB50C/ RXB50C,FTXB55,70300,commodity,vat20,2466276880
Кондиционер Daikin Sensira FTXB60C/ RXB60C,FTXB65,73000,commodity,vat20,2466276880
Кондиционер Daikin FTYN20L/RYN20L,FTYN20,37210,commodity,vat20,2466276880
Кондиционер Daikin FTYN25L/RYN25L,FTYN25,38310,commodity,vat20,2466276880
Кондиционер Daikin FTYN35L/RYN35L,FTYN35,40360,commodity,vat20,2466276880
Кондиционер Daikin FTYN50L/RYN50L,FTYN50,57530,commodity,vat20,2466276880
Кондиционер Daikin FTYN50L/RYN50L,FTYN60,66250,commodity,vat20,2466276880
Кондиционер Daikin (до -40С) FTYN20L/RYN20L/-40,FTYN2040,44510,commodity,vat20,2466276880
Кондиционер Daikin (до -40С) FTYN25L/RYN25L/-40,FTYN2540,45610,commodity,vat20,2466276880
Кондиционер Daikin (до -40С) FTYN35L/RYN35L/-40,FTYN3540,47660,commodity,vat20,2466276880
Кондиционер Daikin (до -40С) FTYN50L/RYN50L/-40,FTYN5040,65830,commodity,vat20,2466276880
Кондиционер Daikin (до -40С) FTYN60L/RYN60L/-40,FTYN6040,74550,commodity,vat20,2466276880
Кондиционер Ballu iGreen PRO ERP DC Inverter BSAGI-09HN1_17Y ,iGreen_Inv09,38000,commodity,vat20,2466276880
Кондиционер Ballu iGreen PRO ERP DC Inverter BSAGI-12HN1_17Y,iGreen_Inv12,40000,commodity,vat20,2466276880
Кондиционер Ballu iGreen PRO ERP DC Inverter BSAGI-18HN1_17Y ,iGreen_Inv18,59000,commodity,vat20,2466276880
Кондиционер Ballu iGreen PRO ERP DC Inverter BSAGI-24HN1_17Y ,iGreen_Inv24,72500,commodity,vat20,2466276880
Кондиционер Ballu Platinum Evolution ERP DC Inverter BSUI-09HN8 R32,Platinum_Evo_Inv09,35000,commodity,vat20,2466276880
Кондиционер Ballu Platinum Evolution ERP DC Inverter BSUI-12HN8 R32,Platinum_Evo_Inv12,38000,commodity,vat20,2466276880
Кондиционер Ballu Platinum Evolution ERP DC Inverter BSUI-18HN8 R32,Platinum_Evo_Inv18,58000,commodity,vat20,2466276880
Кондиционер Ballu Platinum Evolution ERP DC Inverter BSUI-24HN8 R32,Platinum_Evo_Inv24,70500,commodity,vat20,2466276880
Кондиционер Ballu Platinum ERP DC Inverter Black Edition BSPI-10HN1/BL/EU ,Platinum_Black_Inv10,35000,commodity,vat20,2466276880
Кондиционер Ballu Platinum ERP DC Inverter Black Edition BSPI-13HN1/BL/EU ,Platinum_Black_Inv13,38000,commodity,vat20,2466276880
Кондиционер Ballu Lagoon BSDI-07HN1 ,Lagoon_Inv07,25000,commodity,vat20,2466276880
Кондиционер Ballu Lagoon BSDI-09HN1 ,Lagoon_Inv09,27000,commodity,vat20,2466276880
Кондиционер Ballu Lagoon BSDI-12HN1 ,Lagoon_Inv12,30400,commodity,vat20,2466276880
Кондиционер Ballu Lagoon BSDI-18HN1 ,Lagoon_Inv18,54000,commodity,vat20,2466276880
Кондиционер Ballu Lagoon BSDI-24HN1 ,Lagoon_Inv24,66400,commodity,vat20,2466276880
Кондиционер Ballu iGreen PRO BSAG-07HN1_17Y,iGreen_07,18900,commodity,vat20,2466276880
Кондиционер Ballu iGreen PRO BSAG-09HN1_17Y,iGreen_09,20900,commodity,vat20,2466276880
Кондиционер Ballu iGreen PRO BSAG-12HN1_17Y,iGreen_12,27000,commodity,vat20,2466276880
Кондиционер Ballu iGreen PRO BSAG-18HN1_17Y,iGreen_18,42500,commodity,vat20,2466276880
Кондиционер Ballu iGreen PRO BSAG-24HN1_17Y,iGreen_24,54000,commodity,vat20,2466276880
Кондиционер Ballu Lagoon BSD-07HN1,Lagoon_07,16900,commodity,vat20,2466276880
Кондиционер Ballu Lagoon BSD-09HN1,Lagoon_09,18500,commodity,vat20,2466276880
Кондиционер Ballu Lagoon BSD-12HN1,Lagoon_12,23900,commodity,vat20,2466276880
Кондиционер Ballu Lagoon BSD-18HN1,Lagoon_18,39000,commodity,vat20,2466276880
Кондиционер Ballu Lagoon BSD-24HN1,Lagoon_24,48900,commodity,vat20,2466276880
Кондиционер Ballu VISION PRO  BSVP-07HN1 ,Vision_07,16400,commodity,vat20,2466276880
Кондиционер Ballu VISION PRO  BSVP-09HN1 ,Vision_09,18000,commodity,vat20,2466276880
Кондиционер Ballu VISION PRO  BSVP-12HN1 ,Vision_12,23500,commodity,vat20,2466276880
Кондиционер Ballu VISION PRO  BSVP-18HN1 ,Vision_18,37500,commodity,vat20,2466276880
Кондиционер Ballu VISION PRO  BSVP-24HN1 ,Vision_24,47500,commodity,vat20,2466276880
Кондиционер Energolux BASEL SAS07B2-A/SAU07B2-A,Energolux_BASEL07,16300,commodity,vat20,2466276880
Кондиционер Energolux BASEL SAS09B2-A/SAU09B2-A,Energolux_BASEL09,17850,commodity,vat20,2466276880
Кондиционер Energolux BASEL SAS12B2-A/SAU12B2-A,Energolux_BASEL12,22600,commodity,vat20,2466276880
Кондиционер Energolux BASEL SAS18B2-A/SAU18B2-A,Energolux_BASEL18,36000,commodity,vat20,2466276880
Кондиционер Energolux BASEL SAS24B2-A/SAU24B2-A,Energolux_BASEL24,45900,commodity,vat20,2466276880
Кондиционер Energolux BASEL SAS30B2-A/SAU30B2-A,Energolux_BASEL30,59300,commodity,vat20,2466276880
Кондиционер Energolux LAUSANNE SAS07L1-A/SAU07L1-A,Energolux_LAUSANNE07,17200,commodity,vat20,2466276880
Кондиционер Energolux LAUSANNE SAS09L1-A/SAU09L1-A,Energolux_LAUSANNE09,18600,commodity,vat20,2466276880
Кондиционер Energolux LAUSANNE SAS12L1-A/SAU12L1-A,Energolux_LAUSANNE12,24100,commodity,vat20,2466276880
Кондиционер Energolux LAUSANNE SAS18L1-A/SAU18L1-A,Energolux_LAUSANNE18,38000,commodity,vat20,2466276880
Кондиционер Energolux LAUSANNE SAS24L1-A/SAU24L1-A,Energolux_LAUSANNE24,48000,commodity,vat20,2466276880
Кондиционер Energolux LAUSANNE SAS30L1-A/SAU30L1-A,Energolux_LAUSANNE30,61900,commodity,vat20,2466276880
Кондиционер Energolux LAUSANNE SAS36L1-A/SAU36L1-A,Energolux_LAUSANNE36,76800,commodity,vat20,2466276880
Кондиционер Energolux DAVOS SAS07D1-A/SAU07D1-A,Energolux_DAVOS07,17900,commodity,vat20,2466276880
Кондиционер Energolux DAVOS SAS09D1-A/SAU09D1-A,Energolux_DAVOS09,19800,commodity,vat20,2466276880
Кондиционер Energolux DAVOS SAS12D1-A/SAU12D1-A,Energolux_DAVOS12,25200,commodity,vat20,2466276880
Кондиционер Energolux DAVOS SAS18D1-A/SAU18D1-A,Energolux_DAVOS18,39900,commodity,vat20,2466276880
Кондиционер Energolux DAVOS SAS24D1-A/SAU24D1-A,Energolux_DAVOS24,50800,commodity,vat20,2466276880
Кондиционер Energolux DAVOS SAS30D1-A/SAU30D1-A,Energolux_DAVOS30,66900,commodity,vat20,2466276880
Кондиционер GREE BORA  GWH07AAA-K3NNA2A,GREE_BORA07,24810,commodity,vat20,2466276880
Кондиционер GREE BORA  GWH09AAA-K3NNA2A,GREE_BORA09,27200,commodity,vat20,2466276880
Кондиционер GREE BORA  GWH12AAB-K3NNA2A,GREE_BORA12,34270,commodity,vat20,2466276880
Кондиционер GREE BORA  GWH18AAC-K3NNA2A,GREE_BORA18,52680,commodity,vat20,2466276880
Кондиционер GREE BORA  GWH24AAD-K3NNA2A,GREE_BORA24,66310,commodity,vat20,2466276880
Кондиционер GREE BORA  GWH28AAE-K3NNA2A,GREE_BORA28,97990,commodity,vat20,2466276880
Кондиционер GREE BORA  GWH36LB-K3NNB4E,GREE_BORA36,120510,commodity,vat20,2466276880
Кондиционер GREE LYRA GWH07ACA-K3NNA1A,GREE_LYRA07,27340,commodity,vat20,2466276880
Кондиционер GREE LYRA GWH09ACA-K3NNA1A,GREE_LYRA09,29900,commodity,vat20,2466276880
Кондиционер GREE LYRA GWH12ACB-K3NNA1A,GREE_LYRA12,36610,commodity,vat20,2466276880
Кондиционер GREE LYRA GWH18ACC-K3NNA1A,GREE_LYRA18,53080,commodity,vat20,2466276880
Кондиционер GREE LYRA GWH24ACD-K3NNA1A,GREE_LYRA24,68830,commodity,vat20,2466276880
Кондиционер GREE LYRA GWH28ACE-K3NNA1A,GREE_LYRA28,98970,commodity,vat20,2466276880
Кондиционер GREE Lomo  DC Inverter GWH07QA-K3DNC2C,GREE_Lomo_inv07,37340,commodity,vat20,2466276880
Кондиционер GREE Lomo DC Inverter Arctic GWH09QB-K3DNC2G,GREE_Lomo_inv_arc09,44850,commodity,vat20,2466276880
Кондиционер GREE Lomo DC Inverter Arctic GWH12QC-K3DNC2G,GREE_Lomo_inv_arc12,50750,commodity,vat20,2466276880
Кондиционер GREE Lomo DC Inverter Arctic GWH18QD-K3DNC2G,GREE_Lomo_inv_arc18,79630,commodity,vat20,2466276880
Кондиционер GREE Lomo DC Inverter Arctic GWH24QE-K3DNC2G,GREE_Lomo_inv_arc24,98340,commodity,vat20,2466276880
Кондиционер GREE U-CROWN GWH09UB-K3DNA4F ,GREE_U-CROWN09,124470,commodity,vat20,2466276880
Кондиционер GREE U-CROWN GWH12UB-K3DNA4F,GREE_U-CROWN12,134300,commodity,vat20,2466276880
Кондиционер GREE U-CROWN GWH18UC-K3DNA4F,GREE_U-CROWN18,157120,commodity,vat20,2466276880
Кондиционер GREE LYRA Inverter GWH07ACB-K3DNA1A,GREE_LYRA_INVERTER07,42310,commodity,vat20,2466276880
Кондиционер GREE LYRA Inverter GWH09ACB-K3DNA1A,GREE_LYRA_INVERTER09,43730,commodity,vat20,2466276880
Кондиционер GREE LYRA Inverter GWH12ACB-K3DNA1A,GREE_LYRA_INVERTER12,47080,commodity,vat20,2466276880
Кондиционер GREE LYRA Inverter GWH18ACD-K3DNA1E,GREE_LYRA_INVERTER18,67630,commodity,vat20,2466276880
Кондиционер GREE LYRA Inverter GWH24ACD-K3DNA1A,GREE_LYRA_INVERTER24,87970,commodity,vat20,2466276880
Кондиционер GREE BORA Inverter GWH07AAB-K3DNA2A,GREE_BORA_INVERTER07,37930,commodity,vat20,2466276880
Кондиционер GREE BORA Inverter GWH09AAB-K3DNA2A,GREE_BORA_INVERTER09,41290,commodity,vat20,2466276880
Кондиционер GREE BORA Inverter GWH12AAB-K3DNA2A ,GREE_BORA_INVERTER12,45760,commodity,vat20,2466276880
Кондиционер GREE BORA Inverter GWH18AAD-K3DNA2E,GREE_BORA_INVERTER18,69860,commodity,vat20,2466276880
Кондиционер GREE BORA Inverter GWH24AAD-K3DNA2A,GREE_BORA_INVERTER24,91120,commodity,vat20,2466276880
Кондиционер GREE BORA Inverter R32 GWH09AAB-K6DNA2A,GREE_BORA_Inv_R3209,40070,commodity,vat20,2466276880
Кондиционер GREE BORA Inverter R32 GWH12AAB-K6DNA2A,GREE_BORA_Inv_R3212,44340,commodity,vat20,2466276880
Кондиционер GREE BORA Inverter R32 GWH18AAD-K6DNA2B,GREE_BORA_Inv_R3218,65080,commodity,vat20,2466276880
Кондиционер GREE BORA Inverter R32 GWH24AAD-K6DNA2A,GREE_BORA_Inv_R3224,84810,commodity,vat20,2466276880
Кондиционер GREE COOLANY GJC07AA-E3NMNC1A,GREE_COOLANY_GJC07,27400,commodity,vat20,2466276880
Кондиционер GREE COOLANY GJC09AA-E3NMNC1A,GREE_COOLANY_GJC09,32220,commodity,vat20,2466276880
Кондиционер GREE COOLANY GJC12AF-E3NMNC1A,GREE_COOLANY_GJC12,41610,commodity,vat20,2466276880
Кондиционер GREE COOLANY GJC18AC-E3NMNC1A,GREE_COOLANY_GJC18,53150,commodity,vat20,2466276880
Кондиционер GREE COOLANY GJC24AC-E3NRNC2A,GREE_COOLANY_GJC24,62360,commodity,vat20,2466276880
Кондиционер GREE COOLANY GJH09AA-E3NRNB9A,GREE_COOLANY_GJH09,36420,commodity,vat20,2466276880
Кондиционер GREE COOLANY GJH12AF-E3NRNB9A,GREE_COOLANY_GJH12,45810,commodity,vat20,2466276880
Кондиционер TOSHIBA J2KVG-EE RAS-05J2KVG-EE/RAS-05J2AVG-EE,TOSHIBA_J2KVG-EE05,33200,commodity,vat20,2466276880
Кондиционер TOSHIBA J2KVG-EE RAS-07J2KVG-EE/RAS-07J2AVG-EE,TOSHIBA_J2KVG-EE07,34200,commodity,vat20,2466276880
Кондиционер TOSHIBA J2KVG-EE RAS-10J2KVG-EE/RAS-10J2AVG-EE,TOSHIBA_J2KVG-EE10,35100,commodity,vat20,2466276880
Кондиционер TOSHIBA J2KVG-EE RAS-13J2KVG-EE/RAS-13J2AVG-EE,TOSHIBA_J2KVG-EE13,39700,commodity,vat20,2466276880
Кондиционер TOSHIBA J2KVG-EE RAS-16J2KVG-EE/RAS-16J2AVG-EE,TOSHIBA_J2KVG-EE16,49400,commodity,vat20,2466276880
Кондиционер TOSHIBA J2KVG-EE RAS-18J2KVG-EE/RAS-18J2AVG-EE,TOSHIBA_J2KVG-EE18,56900,commodity,vat20,2466276880
Кондиционер TOSHIBA J2KVG-EE RAS-24J2KVG-EE/RAS-24J2AVG-EE,TOSHIBA_J2KVG-EE24,62100,commodity,vat20,2466276880
Кондиционер TOSHIBA N3KV-E RAS-10N3KV-E/RAS-10N3AV-E,TOSHIBA_N3KV-E10,35000,commodity,vat20,2466276880
Кондиционер TOSHIBA N3KV-E RAS-13N3KV-E/RAS-13N3AV-E,TOSHIBA_N3KV-E13,41000,commodity,vat20,2466276880
Кондиционер TOSHIBA N3KV-E RAS-18N3KV-E/RAS-18N3AV-E,TOSHIBA_N3KV-E18,61000,commodity,vat20,2466276880
Кондиционер TOSHIBA N3KV-E RAS-22N3KV-E/RAS-22N3AV-E,TOSHIBA_N3KV-E22,73500,commodity,vat20,2466276880
Кондиционер HITACHI ECO COMFORT RAC-18WEC / RAK-18PEC,HITACHI_ECO18,32900,commodity,vat20,2466276880
Кондиционер HITACHI ECO COMFORT RAC-25WEC / RAK-25PEC,HITACHI_ECO25,37000,commodity,vat20,2466276880
Кондиционер HITACHI ECO COMFORT RAC-35WEC / RAK-35PEC,HITACHI_ECO35,45500,commodity,vat20,2466276880
Кондиционер HITACHI ECO COMFORT RAC-50WEC / RAK-50PEC,HITACHI_ECO50,73200,commodity,vat20,2466276880
Кондиционер HITACHI PERFORMANCE RAC-18WPB / RAK-18RPB,HITACHI_PERFORMANCE18B,40900,commodity,vat20,2466276880
Кондиционер HITACHI PERFORMANCE RAC-18WPС / RAK-18RPС,HITACHI_PERFORMANCE18C,42900,commodity,vat20,2466276880
Кондиционер HITACHI PERFORMANCE RAC-25WPB / RAK-25RPB,HITACHI_PERFORMANCE25B,45800,commodity,vat20,2466276880
Кондиционер HITACHI PERFORMANCE RAC-25WPС / RAK-25RPС,HITACHI_PERFORMANCE25C,47800,commodity,vat20,2466276880
Кондиционер HITACHI PERFORMANCE RAC-35WPC / RAK-35RPC,HITACHI_PERFORMANCE35,54800,commodity,vat20,2466276880
Кондиционер HITACHI PERFORMANCE RAC-50WPC / RAK-50RPC,HITACHI_PERFORMANCE50,83800,commodity,vat20,2466276880
Кондиционер HITACHI PERFORMANCE RAC-60WPA / RAK-60PPA,HITACHI_PERFORMANCE60,110000,commodity,vat20,2466276880
Кондиционер HITACHI PERFORMANCE RAC-70WPA / RAK-70PPA,HITACHI_PERFORMANCE70,149900,commodity,vat20,2466276880
Кондиционер HITACHI AKEBONO RAC-25WXB / RAK-25RXB,HITACHI_AKEBONO25,66200,commodity,vat20,2466276880
Кондиционер HITACHI AKEBONO RAC-35WXB / RAK-35RXB,HITACHI_AKEBONO35,73000,commodity,vat20,2466276880
Кондиционер HITACHI AKEBONO RAC-50WXB / RAK-50RXB,HITACHI_AKEBONO50,119100,commodity,vat20,2466276880
Кондиционер HITACHI PREMIUM RAC-18WSB / RAK-18PSB,HITACHI_PREMIUM18,110500,commodity,vat20,2466276880
Кондиционер HITACHI PREMIUM RAC-25WSB / RAK-25PSB,HITACHI_PREMIUM25,113500,commodity,vat20,2466276880
Кондиционер HITACHI PREMIUM RAC-35WSB / RAK-35PSB,HITACHI_PREMIUM35,119800,commodity,vat20,2466276880
Кондиционер PANASONIC Z CS-XZ20TKEW/CU-Z20TKE,PANASONIC_Z20,59300,commodity,vat20,2466276880
Кондиционер PANASONIC Z CS-XZ25TKEW/CU-Z25TKE,PANASONIC_Z25,61600,commodity,vat20,2466276880
Кондиционер PANASONIC Z CS-XZ35TKEW/CU-Z35TKE,PANASONIC_Z35,65000,commodity,vat20,2466276880
Кондиционер PANASONIC Z CS-XZ42TKEW/CU-Z42TKE,PANASONIC_Z42,87900,commodity,vat20,2466276880
Кондиционер PANASONIC Z CS-XZ50TKEW/CU-Z50TKE,PANASONIC_Z50,101400,commodity,vat20,2466276880
Кондиционер PANASONIC Z CS-XZ71TKEW/CU-Z71TKE,PANASONIC_Z71,146600,commodity,vat20,2466276880
Кондиционер PANASONIC XZ CS-XZ20TKEW/CU-Z20TKE,PANASONIC_XZ20,60800,commodity,vat20,2466276880
Кондиционер PANASONIC XZ CS-XZ25TKEW/CU-Z25TKE,PANASONIC_XZ25,65500,commodity,vat20,2466276880
Кондиционер PANASONIC XZ CS-XZ35TKEW/CU-Z35TKE,PANASONIC_XZ35,69500,commodity,vat20,2466276880
Кондиционер PANASONIC XZ CS-XZ50TKEW/CU-Z50TKE,PANASONIC_XZ50,107300,commodity,vat20,2466276880
Кондиционер PANASONIC E-RKD CS-E7RKDW/CU-E7RKD,PANASONIC_E-RKD7,45800,commodity,vat20,2466276880
Кондиционер PANASONIC E-RKD CS-E9RKDW/CU-E9RKD,PANASONIC_E-RKD9,47300,commodity,vat20,2466276880
Кондиционер PANASONIC E-RKD CS-E12RKDW/CU-E12RKD,PANASONIC_E-RKD12,54500,commodity,vat20,2466276880
Кондиционер PANASONIC E-RKD CS-E15RKDW/CU-E15RKD,PANASONIC_E-RKD15,76300,commodity,vat20,2466276880
Кондиционер PANASONIC E-RKD CS-E18RKDW/CU-E18RKD,PANASONIC_E-RKD18,89300,commodity,vat20,2466276880
Кондиционер PANASONIC E-RKD CS-E24RKDW/CU-E24RKD,PANASONIC_E-RKD24,112000,commodity,vat20,2466276880
Кондиционер PANASONIC E-RKD CS-E28RKDWS/CU-E28RKD,PANASONIC_E-RKD28,126500,commodity,vat20,2466276880
Кондиционер PANASONIC TZ CS-TZ20TKEW/CU-TZ20TKE,PANASONIC_TZ20,41000,commodity,vat20,2466276880
Кондиционер PANASONIC TZ CS-TZ25TKEW/CU-TZ25TKE,PANASONIC_TZ25,41700,commodity,vat20,2466276880
Кондиционер PANASONIC TZ CS-TZ35TKEW/CU-TZ35TKE,PANASONIC_TZ35,47200,commodity,vat20,2466276880
Кондиционер PANASONIC TZ CS-TZ42TKEW/CU-TZ42TKE,PANASONIC_TZ42,68700,commodity,vat20,2466276880
Кондиционер PANASONIC TZ CS-TZ50TKEW/CU-TZ50TKE,PANASONIC_TZ50,78300,commodity,vat20,2466276880
Кондиционер PANASONIC TZ CS-TZ60TKEW/CU-TZ60TKE,PANASONIC_TZ60,96600,commodity,vat20,2466276880
Кондиционер PANASONIC TZ CS-TZ71TKEW/CU-TZ71TKE,PANASONIC_TZ71,112200,commodity,vat20,2466276880
Кондиционер PANASONIC BE CS-BE20TKE/CU-BE20TKE,PANASONIC_BE20,34900,commodity,vat20,2466276880
Кондиционер PANASONIC BE CS-BE25TKE/CU-BE25TKE,PANASONIC_BE25,35700,commodity,vat20,2466276880
Кондиционер PANASONIC BE CS-BE35TKE/CU-BE35TKE,PANASONIC_BE35,39100,commodity,vat20,2466276880
Кондиционер PANASONIC BE CS-BE50TKE/CU-BE50TKE,PANASONIC_BE50,53300,commodity,vat20,2466276880
Кондиционер MDV FOREST MDSAF-07HRN1/MDOAF-07HN1,MDV_FOREST07,16900,commodity,vat20,2466276880
Кондиционер MDV FOREST MDSAF-09HRN1/MDOAF-09HN1,MDV_FOREST09,18500,commodity,vat20,2466276880
Кондиционер MDV FOREST MDSAF-12HRN1/MDOAF-12HN1,MDV_FOREST12,24900,commodity,vat20,2466276880
Кондиционер MDV FOREST MDSAF-18HRN1/MDOAF-18HN1,MDV_FOREST18,40500,commodity,vat20,2466276880
Кондиционер MDV FOREST MDSAF-24HRN1/MDOAF-24HN1,MDV_FOREST24,49900,commodity,vat20,2466276880
Кондиционер MDV AURORA SILVER MDSA-09HRN1/MDOA-09HN1,MDV_AURORA_S09,24400,commodity,vat20,2466276880
Кондиционер MDV AURORA SILVER MDSA-12HRN1/MDOA-12HN1,MDV_AURORA_S12,30600,commodity,vat20,2466276880
Кондиционер MDV AURORA GOLD MDSA-09HRN1/MDOA-09HN1,MDV_AURORA_G09,24400,commodity,vat20,2466276880
Кондиционер MDV AURORA GOLD MDSA-12HRN1/MDOA-12HN1,MDV_AURORA_G12,30600,commodity,vat20,2466276880
Кондиционер MDV AURORA 3D DC-Inverter MDSA-09HRFN1/MDOA-09HFN1,MDV_AURORA_Inv09,34900,commodity,vat20,2466276880
Кондиционер MDV AURORA 3D DC-Inverter MDSA-12HRFN1/MDOA-12HFN1,MDV_AURORA_Inv12,39900,commodity,vat20,2466276880
Кондиционер MDV AURORA 3D DC-Inverter MDSA-18HRFN1/MDOA-18HFN1,MDV_AURORA_Inv18,59900,commodity,vat20,2466276880
Кондиционер MDV AURORA 3D DC-Inverter MDSA-24HRFN1/MDOA-24HFN1,MDV_AURORA_Inv24,73900,commodity,vat20,2466276880
Кондиционер MDV OP 3D DC-Inverter MDSOP-09HRFN8/MDOOP-09HFN8,MDV_OP_Inv09,72600,commodity,vat20,2466276880
Кондиционер MDV OP 3D DC-Inverter MDSOP-12HRFN8/MDOOP-12HFN8,MDV_OP_Inv12,74900,commodity,vat20,2466276880
Кондиционер GENERAL ECO SERVER ASHG30LMTA/ASHG30LMTA,GENERAL_Eco_Ser30,216000,commodity,vat20,2466276880
Кондиционер GENERAL ECO SERVER ASHG36LMTA/ASHG36LMTA,GENERAL_Eco_Ser36,261000,commodity,vat20,2466276880
Кондиционер GENERAL ECO3 Inverter ASHG07LLCC/AOHG07LLCC,GENERAL_Eco3_Inv07,37900,commodity,vat20,2466276880
Кондиционер GENERAL ECO3 Inverter ASHG09LLCC/AOHG09LLCC,GENERAL_Eco3_Inv09,38900,commodity,vat20,2466276880
Кондиционер GENERAL ECO3 Inverter ASHG12LLCC/AOHG12LLCC,GENERAL_Eco3_Inv12,41900,commodity,vat20,2466276880
Кондиционер GENERAL Energy Plus ASHG07LMCA/AOHG07LMCA,GENERAL_En_Plus07,43700,commodity,vat20,2466276880
Кондиционер GENERAL Energy Plus ASHG09LMCA/AOHG09LMCA,GENERAL_En_Plus09,46600,commodity,vat20,2466276880
Кондиционер GENERAL Energy Plus ASHG12LMCA/AOHG12LMCA,GENERAL_En_Plus12,54600,commodity,vat20,2466276880
Кондиционер GENERAL Energy Plus ASHG14LMCA/AOHG14LMCA,GENERAL_En_Plus14,73400,commodity,vat20,2466276880
Кондиционер GENERAL Energy Plus ASHG18LFCA/AOHG18LFC,GENERAL_En_Plus18,93200,commodity,vat20,2466276880
Кондиционер GENERAL Energy Plus ASHG24LFCC/AOHG24LFCC,GENERAL_En_Plus24,112000,commodity,vat20,2466276880
Кондиционер GENERAL Energy Plus ASHG30LFCA/AOHG30LFT,GENERAL_En_Plus30,152000,commodity,vat20,2466276880
Кондиционер GENERAL FLOOR AGHG09LVCA/AOHG09LVCA,GENERAL_Floor09,108000,commodity,vat20,2466276880
Кондиционер GENERAL FLOOR AGHG12LVCA/AOHG12LVCA,GENERAL_Floor12,120000,commodity,vat20,2466276880
Кондиционер GENERAL FLOOR AGHG14LVCA/AOHG14LVCA,GENERAL_Floor14,131000,commodity,vat20,2466276880
Кондиционер GENERAL FLOOR NORDIC AGHG09LVCB/AOHG09LVCN,GENERAL_Floor_N09,125000,commodity,vat20,2466276880
Кондиционер GENERAL FLOOR NORDIC AGHG12LVCB/AOHG12LVCN,GENERAL_Floor_N12,136000,commodity,vat20,2466276880
Кондиционер GENERAL FLOOR NORDIC AGHG14LVCB/AOHG14LVCN,GENERAL_Floor_N14,147000,commodity,vat20,2466276880
Кондиционер GENERAL NORDIC ASHG09LMCB/AOHG09LMCBN,GENERAL_NORDIC9,82100,commodity,vat20,2466276880
Кондиционер GENERAL NORDIC ASHG12LMCB/AOHG12LMCBN,GENERAL_NORDIC12,88700,commodity,vat20,2466276880
Кондиционер GENERAL NORDIC ASHG14LMCB/AOHG14LMCBN,GENERAL_NORDIC14,99900,commodity,vat20,2466276880
Кондиционер GENERAL WINNER WHITE ASHG07LUCA/AOHG07LUCA,GENERAL_WIN_WHITE7,71300,commodity,vat20,2466276880
Кондиционер GENERAL WINNER WHITE ASHG09LUCA/AOHG09LUCB,GENERAL_WIN_WHITE9,75200,commodity,vat20,2466276880
Кондиционер GENERAL WINNER WHITE ASHG12LUCA/AOHG12LUC,GENERAL_WIN_WHITE12,87000,commodity,vat20,2466276880
Кондиционер GENERAL WINNER WHITE ASHG14LUCA/AOHG14LUC,GENERAL_WIN_WHITE14,99500,commodity,vat20,2466276880
Кондиционер GENERAL WINNER SILVER ASHG09LTCA/AOHG09LTC,GENERAL_WIN_SIL9,86204,commodity,vat20,2466276880
Кондиционер GENERAL WINNER SILVER ASHG12LTCA/AOHG12LTC,GENERAL_WIN_SIL12,99864,commodity,vat20,2466276880
Кондиционер GENERAL WINNER NORDIC ASHG09LTCB/AOHG09LTCN,GENERAL_WIN_NOR9,106000,commodity,vat20,2466276880
Кондиционер GENERAL WINNER NORDIC ASHG12LTCB/AOHG12LTCN,GENERAL_WIN_NOR12,115000,commodity,vat20,2466276880
Кондиционер GENERAL WINNER NORDIC ASHG14LTCB/AOHG14LTCN,GENERAL_WIN_NOR14,131000,commodity,vat20,2466276880
Кассетная сплит-система ROYAL CLIMA Cassette CO-4C 12HN,RC_Cassette_12,49280,commodity,vat20,2466276880
Кассетная сплит-система ROYAL CLIMA Cassette CO-4C 18HN,RC_Cassette_18,50780,commodity,vat20,2466276880
Кассетная сплит-система ROYAL CLIMA Cassette CO-4C 24HN,RC_Cassette_24,62680,commodity,vat20,2466276880
Кассетная сплит-система ROYAL CLIMA Cassette CO-4C 36HN,RC_Cassette_36,88480,commodity,vat20,2466276880
Кассетная сплит-система ROYAL CLIMA Cassette CO-4C 48HN,RC_Cassette_48,97680,commodity,vat20,2466276880
Кассетная сплит-система ROYAL CLIMA Cassette CO-4C 60HN,RC_Cassette_60,107180,commodity,vat20,2466276880
Канальная сплит-система ROYAL CLIMA Canalizzabili CO-D 18HN,RC_Canalizzabili_18,49180,commodity,vat20,2466276880
Канальная сплит-система ROYAL CLIMA Canalizzabili CO-D 24HN,RC_Canalizzabili_24,65280,commodity,vat20,2466276880
Канальная сплит-система ROYAL CLIMA Canalizzabili CO-D 36HN,RC_Canalizzabili_36,84880,commodity,vat20,2466276880
Канальная сплит-система ROYAL CLIMA Canalizzabili CO-D 48HN,RC_Canalizzabili_48,96780,commodity,vat20,2466276880
Канальная сплит-система ROYAL CLIMA Canalizzabili CO-D 60HN,RC_Canalizzabili_60,105180,commodity,vat20,2466276880
Напольно-потолочная сплит-система ROYAL CLIMA Soffitto o Pavimento CO-F 18HN,RC_Soffitto_18,46580,commodity,vat20,2466276880
Напольно-потолочная сплит-система ROYAL CLIMA Soffitto o Pavimento CO-F 24HN,RC_Soffitto_24,60080,commodity,vat20,2466276880
Напольно-потолочная сплит-система ROYAL CLIMA Soffitto o Pavimento CO-F 36HN,RC_Soffitto_36,84080,commodity,vat20,2466276880
Напольно-потолочная сплит-система ROYAL CLIMA Soffitto o Pavimento CO-F 48HN,RC_Soffitto_48,99380,commodity,vat20,2466276880
Напольно-потолочная сплит-система ROYAL CLIMA Soffitto o Pavimento CO-F 60HN,RC_Soffitto_60,107080,commodity,vat20,2466276880
Колонная сплит-система ROYAL CLIMA Alto RC-AT48HN,RC_Alto_48,105490,commodity,vat20,2466276880
Колонная сплит-система ROYAL CLIMA Alto RC-AT60HN,RC_Alto_60,116790,commodity,vat20,2466276880
Кондиционер Mitsubishi Heavy Industries Standart SRK20ZSPR-S/SRC20ZSPR-S,SRK20ZSPR-S,33400,commodity,vat20,2466276880
Кондиционер Mitsubishi Heavy Industries Standart SRK25ZSPR-S/SRC25ZSPR-S,SRK25ZSPR-S,35000,commodity,vat20,2466276880
Кондиционер Mitsubishi Heavy Industries Standart SRK35ZSPR-S/SRC35ZSPR-S,SRK35ZSPR-S,39900,commodity,vat20,2466276880
Кондиционер Mitsubishi Heavy Industries Standart SRK45ZSPR-S/SRC45ZSPR-S,SRK45ZSPR-S,63900,commodity,vat20,2466276880
Кондиционер Mitsubishi Heavy Industries Standart SRK63ZSPR-S/SRC63ZSPR-S,SRK63ZSPR-S,88700,commodity,vat20,2466276880
Кондиционер Mitsubishi Heavy Industries Standart SRK71ZSPR-S/SRC71ZSPR-S,SRK71ZSPR-S,99650,commodity,vat20,2466276880
Кондиционер Mitsubishi Heavy Industries Standart SRK80ZSPR-S/SRC80ZSPR-S,SRK80ZSPR-S,114900,commodity,vat20,2466276880
Кондиционер Mitsubishi Heavy Industries PREMIUM SRK20ZS-S/SRC20ZS-S,SRK20ZS-S,52900,commodity,vat20,2466276880
Кондиционер Mitsubishi Heavy Industries PREMIUM SRK25ZS-S/SRC25ZS-S,SRK25ZS-S,57900,commodity,vat20,2466276880
Кондиционер Mitsubishi Heavy Industries PREMIUM SRK35ZS-S/SRC35ZS-S,SRK35ZS-S,68900,commodity,vat20,2466276880
Кондиционер Mitsubishi Heavy Industries PREMIUM SRK50ZS-S/SRC50ZS-S,SRK50ZS-S,92900,commodity,vat20,2466276880
Кондиционер Mitsubishi Heavy Industries POWER SRK63Z-RS/SRC63Z-RS,SRK63Z-RS,121200,commodity,vat20,2466276880
Кондиционер Mitsubishi Heavy Industries POWER SRK71Z-RS/SRC71Z-RS,SRK71Z-RS,139950,commodity,vat20,2466276880
Кондиционер Mitsubishi Heavy Industries POWER SRK80Z-RS/SRC80Z-RS,SRK80Z-RS,149350,commodity,vat20,2466276880
Кондиционер Mitsubishi Heavy Industries POWER SRK100Z-RS/FDC100VNP,SRK100Z-RS,182700,commodity,vat20,2466276880
Кондиционер Mitsubishi Heavy Industries PREMIUM SRK20ZS-ST/SRC20ZS-S,SRK20ZS-ST,57900,commodity,vat20,2466276880
Кондиционер Mitsubishi Heavy Industries PREMIUM SRK25ZS-ST/SRC25ZS-S,SRK25ZS-ST,62900,commodity,vat20,2466276880
Кондиционер Mitsubishi Heavy Industries PREMIUM SRK35ZS-ST/SRC35ZS-S,SRK35ZS-ST,73900,commodity,vat20,2466276880
Кондиционер Mitsubishi Heavy Industries PREMIUM SRK50ZS-ST/SRC50ZS-S,SRK50ZS-ST,97900,commodity,vat20,2466276880
Кондиционер Mitsubishi Heavy Industries PREMIUM SRK20ZS-SB/SRC20ZS-S,SRK20ZS-SB,57900,commodity,vat20,2466276880
Кондиционер Mitsubishi Heavy Industries PREMIUM SRK25ZS-SB/SRC25ZS-S,SRK25ZS-SB,62900,commodity,vat20,2466276880
Кондиционер Mitsubishi Heavy Industries PREMIUM SRK35ZS-SB/SRC35ZS-S,SRK35ZS-SB,73900,commodity,vat20,2466276880
Кондиционер Mitsubishi Heavy Industries PREMIUM SRK50ZS-SB/SRC50ZS-S,SRK50ZS-SB,97900,commodity,vat20,2466276880
Кондиционер Mitsubishi Heavy Industries DELUX SRK20ZSX-W/SRC20ZSX-W,SRK20ZSX-W,85300,commodity,vat20,2466276880
Кондиционер Mitsubishi Heavy Industries DELUX SRK25ZSX-W/SRC25ZSX-W,SRK25ZSX-W,93300,commodity,vat20,2466276880
Кондиционер Mitsubishi Heavy Industries DELUX SRK35ZSX-W/SRC35ZSX-W,SRK35ZSX-W,104600,commodity,vat20,2466276880
Кондиционер Mitsubishi Heavy Industries DELUX SRK50ZSX-W/SRC50ZSX-W,SRK50ZSX-W,120800,commodity,vat20,2466276880
Кондиционер Mitsubishi Heavy Industries DELUX SRK60ZSX-W/SRC60ZSX-W,SRK60ZSX-W,137700,commodity,vat20,2466276880
Кондиционер Mitsubishi Heavy Industries DUCT SRR25ZM-S/SRC25ZMX-S, SRR25ZM-S,92400,commodity,vat20,2466276880
Кондиционер Mitsubishi Heavy Industries DUCT SRR35ZM-S/SRC35ZMX-S, SRR35ZM-S,106400,commodity,vat20,2466276880
Кондиционер Mitsubishi Heavy Industries DUCT SRR50ZM-S/SRC50ZMX-S, SRR50ZM-S,127500,commodity,vat20,2466276880
Кондиционер Mitsubishi Heavy Industries DUCT SRR60ZM-S/SRC60ZMX-S, SRR60ZM-S,143400,commodity,vat20,2466276880
Кондиционер Mitsubishi Heavy Industries CASSETE FDTC25VG/SRC25ZMX-S,FDTC25VG,104500,commodity,vat20,2466276880
Кондиционер Mitsubishi Heavy Industries CASSETE FDTC35VG/SRC35ZMX-S,FDTC35VG,117300,commodity,vat20,2466276880
Кондиционер Mitsubishi Heavy Industries CASSETE FDTC50VG/SRC50ZMX-S,FDTC50VG,141800,commodity,vat20,2466276880
Кондиционер Mitsubishi Heavy Industries CASSETE FDTC60VG/SRC60ZMX-S,FDTC60VG,160500,commodity,vat20,2466276880
Кондиционер Mitsubishi Heavy Industries FLOOR SRF25ZMX-S/SRC25ZMX-S,SRF25ZMX-S,105000,commodity,vat20,2466276880
Кондиционер Mitsubishi Heavy Industries FLOOR SRF35ZMX-S/SRC35ZMX-S,SRF35ZMX-S,120600,commodity,vat20,2466276880
Кондиционер Mitsubishi Heavy Industries FLOOR SRF50ZMX-S/SRC50ZMX-S,SRF50ZMX-S,146800,commodity,vat20,2466276880
Вентилятор VKK - 100pr,VKK100pr,5028,commodity,vat20,2466276880
Вентилятор VKK - 125pr,VKK125pr,5061,commodity,vat20,2466276880
Вентилятор VKK - 160pr,VKK160pr,6388,commodity,vat20,2466276880
Вентилятор VKK - 200pr,VKK200pr,7782,commodity,vat20,2466276880
Вентилятор VKK - 250pr,VKK250pr,9271,commodity,vat20,2466276880
Вентилятор VKK - 315pr,VKK315pr,10774,commodity,vat20,2466276880
Вентилятор VKK 100m,VKK100m,4082,commodity,vat20,2466276880
Вентилятор VKK 125m,VKK125m,4256,commodity,vat20,2466276880
Вентилятор VKK 160m,VKK160m,4843,commodity,vat20,2466276880
Вентилятор VKK 200m,VKK200m,6029,commodity,vat20,2466276880
Вентилятор VKK 250m,VKK250m,6715,commodity,vat20,2466276880
Вентилятор VKK 315m,VKK315m,8194,commodity,vat20,2466276880
Вентилятор VKK 355m,VKK355m,20350,commodity,vat20,2466276880
Вентилятор VKK 355-4Dm,VKK3554Dm,0,commodity,vat20,2466276880
Круглый потолочный диффузор универсальный пластиковый D100,PDU100,160,commodity,vat20,2466276880
Круглый потолочный диффузор универсальный пластиковый D125,PDU125,180,commodity,vat20,2466276880
Круглый потолочный диффузор универсальный пластиковый D160,PDU160,240,commodity,vat20,2466276880
Круглый потолочный диффузор универсальный пластиковый D200,PDU200,300,commodity,vat20,2466276880
Круглый потолочный диффузор универсальный пластиковый D250,PDU250,600,commodity,vat20,2466276880
Круглый потолочный вытяжной диффузор D100,DE100,176,commodity,vat20,2466276880
Круглый потолочный вытяжной диффузор D125,DE125,221,commodity,vat20,2466276880
Круглый потолочный вытяжной диффузор D160,DE160,326,commodity,vat20,2466276880
Круглый потолочный вытяжной диффузор D200,DE200,448,commodity,vat20,2466276880
Круглый потолочный приточный диффузор D100,DI100,176,commodity,vat20,2466276880
Круглый потолочный приточный диффузор D125,DI125,221,commodity,vat20,2466276880
Круглый потолочный приточный диффузор D160,DI160,326,commodity,vat20,2466276880
Круглый потолочный приточный диффузор D200,DI200,448,commodity,vat20,2466276880
Квадратный потолочный диффузор ДП4 300х300,SCD300300,730,commodity,vat20,2466276880
Квадратный потолочный диффузор ДП4 450х450,SCD450450,1370,commodity,vat20,2466276880
Квадратный потолочный диффузор ДП4 600х600,SCD600600,1917,commodity,vat20,2466276880
Регулятор расхода воздуха РРВ 150*150 для потолочного диффузора 300*300,DAM01500150,308,commodity,vat20,2466276880
Регулятор расхода воздуха РРВ 300*300  для потолочного диффузора 450*450,DAM03000300,717,commodity,vat20,2466276880
Регулятор расхода воздуха РРВ 450*450 для потолочного диффузора 600*600,DAM04500450,1291,commodity,vat20,2466276880
Мойка воздуха Venta LW15 черный,Venta_LW15_Black,14930,commodity,vat20,2466276880
Мойка воздуха Venta LW15 белый,Venta_LW15_White,14930,commodity,vat20,2466276880
Мойка воздуха Venta LW25 черный,Venta_LW25_Black,21380,commodity,vat20,2466276880
Мойка воздуха Venta LW25 белый,Venta_LW25_White,21380,commodity,vat20,2466276880
Мойка воздуха Venta LW45 черный,Venta_LW45_Black,31500,commodity,vat20,2466276880
Мойка воздуха Venta LW45 белый,Venta_LW45_White,31500,commodity,vat20,2466276880
Мойка воздуха Venta LPH60 WiFi черный,Venta_LPH60_WiFi_Black,102000,commodity,vat20,2466276880
Мойка воздуха Venta LPH60 WiFi белый,Venta_LPH60_WiFi_White,102000,commodity,vat20,2466276880
Ультразвуковой увлажнитель воздуха Royal Clima GENOVA RUH-G450-5.5E-B,RUH-G450-5.5E-B,5590,commodity,vat20,2466276880
Ультразвуковой увлажнитель воздуха Royal Clima LAURO RUH-LR370-5.0E-WT,RUH-LR370-5.0E-WT,4550,commodity,vat20,2466276880
Ультразвуковой увлажнитель воздуха Royal Clima МУРРРЗИО RUH-MR200-1.5M-WT,RUH-MR200-1.5M-WT,2990,commodity,vat20,2466276880
Ультразвуковой увлажнитель воздуха Royal Clima МУРРРЗИО RUH-MR200-1.5M-BL,RUH-MR200-1.5M-BL,2990,commodity,vat20,2466276880
Ультразвуковой увлажнитель воздуха Royal Clima МУРРРЗИО RUH-MR200-1.5M-GR,RUH-MR200-1.5M-GR,2990,commodity,vat20,2466276880
Ультразвуковой увлажнитель воздуха Royal Clima ADRIANO RUH-AD300-4.8M-WG,RUH-AD300-4.8M-WG,2190,commodity,vat20,2466276880
Ультразвуковой увлажнитель воздуха Royal Clima ADRIANO RUH-AD300-4.8M-WT,RUH-AD300-4.8M-WT,2190,commodity,vat20,2466276880
Ультразвуковой увлажнитель воздуха Royal Clima SANREMO RUH-S380-3.0M-WT,RUH-S380-3.0M-WT,1890,commodity,vat20,2466276880
Ультразвуковой увлажнитель воздуха Royal Clima SANREMO RUH-S380-3.0M-BU,RUH-S380-3.0M-BU,1890,commodity,vat20,2466276880
Ультразвуковой увлажнитель воздуха Royal Clima  SANREMO RUH-S380-3.0M-VT,RUH-S380-3.0M-VT,1890,commodity,vat20,2466276880
Ультразвуковой увлажнитель воздуха Royal Clima SANREMO Plus RUH-SP400-3.0M-G,RUH-SP400-3.0M-G,1890,commodity,vat20,2466276880
Ультразвуковой увлажнитель воздуха Royal Clima SANREMO Plus RUH-SP400-3.0M-SV,RUH-SP400-3.0M-SV,1890,commodity,vat20,2466276880
Ультразвуковой увлажнитель воздуха Royal Clima ADRIANO DIGITAL RUH-AD300-4.8E-WG,RUH-AD300-4.8E-WG,3290,commodity,vat20,2466276880
Ультразвуковой увлажнитель воздуха Royal Clima ADRIANO DIGITAL RUH-AD300-4.8E-WT,RUH-AD300-4.8E-WT,3290,commodity,vat20,2466276880
Ультразвуковой увлажнитель воздуха Royal Clima ANTICA RUH-AN300-4.0E-SV,RUH-AN300-4.0E-SV,2850,commodity,vat20,2466276880
Ультразвуковой увлажнитель воздуха Royal Clima ANTICA RUH-AN300-4.0E-BL,RUH-AN300-4.0E-BL,2850,commodity,vat20,2466276880
Ультразвуковой увлажнитель воздуха Royal Clima ANTICA RUH-AN300-4.0E-GN,RUH-AN300-4.0E-GN,2850,commodity,vat20,2466276880
Ультразвуковой увлажнитель воздуха Royal Clima RIMINI RUH-R320-5.0E-WT,RUH-R320-5.0E-WT,3050,commodity,vat20,2466276880
Ультразвуковой увлажнитель воздуха Royal Clima RIMINI RUH-R320-5.0E-BU,RUH-R320-5.0E-BU,3050,commodity,vat20,2466276880
Ультразвуковой увлажнитель воздуха Royal Clima LUCERA RUH-L400-4.0E-WT ,RUH-L400-4.0E-WT,3590,commodity,vat20,2466276880
Ультразвуковой увлажнитель воздуха Royal Clima LUCERA RUH-L400-4.0E-VT,RUH-L400-4.0E-VT,3590,commodity,vat20,2466276880
Ультразвуковой увлажнитель воздуха Royal Clima MONTESORO RUH-MS360-4.5E-WT,RUH-MS360-4.5E-WT,5090,commodity,vat20,2466276880
Ультразвуковой увлажнитель воздуха Royal Clima MONTESORO RUH-MS360-4.5E-BL,RUH-MS360-4.5E-BL,5090,commodity,vat20,2466276880
Ультразвуковой увлажнитель воздуха Royal Clima TEANO RUH-T300-5.7E-BL,RUH-T300-5.7E-BL,5090,commodity,vat20,2466276880
Ультразвуковой увлажнитель воздуха Royal Clima TEANO RUH-T300-5.7E-WT,RUH-T300-5.7E-WT,5090,commodity,vat20,2466276880
Ультразвуковой увлажнитель воздуха Royal Clima ANCONA RUH-A350-5.5E-WT,RUH-A350-5.5E-WT,5190,commodity,vat20,2466276880
Ультразвуковой увлажнитель воздуха Royal Clima ANCONA RUH-A350-5.5E-BL,RUH-A350-5.5E-BL,5190,commodity,vat20,2466276880
Мойка воздуха Royal Clima ALBA Luxe RAW-A300-6.0-WT,RAW-A300-6.0-WT,7890,commodity,vat20,2466276880
Дренажная проточная помпа Kernick VL-10 (10 л/час),Kernick_VL-10,2900,commodity,vat20,2466276880
Дренажная проточная помпа ROYAL CLIMA RED SPLIT 24,RED_SPLIT_24,4190,commodity,vat20,2466276880
Дренажная проточная помпа Aspen Mini Aqua Silent+,Mini_Aqua_Silent,8300,commodity,vat20,2466276880
Дренажная наливная помпа Siccom ECOTANK 2.5,Siccom_ECOTANK_2.5,5000,commodity,vat20,2466276880
Сухой сифон для кондиционера Vecam Mini с обратным клапаном,Vecam_Mini,1500,commodity,vat20,2466276880
Сухой дренажный сифон для кондиционера PROFcool SCU-032 с обратным клапаном,PROFcool_SCU-032,1100,commodity,vat20,2466276880
Универсальный пульт для кондиционера K-1028E,K-1028E,800,commodity,vat20,2466276880
Тепловая завеса Тепломаш КЭВ-1.5П1123E Электрическая,КЭВ-1.5П1123Е,3400,commodity,vat20,2466276880
Тепловая завеса Тепломаш КЭВ-2П1123Е Электрическая,КЭВ-2П1123Е,3550,commodity,vat20,2466276880
Тепловая завеса Тепломаш КЭВ-3П1153Е Электрическая,КЭВ-3П1153Е,7350,commodity,vat20,2466276880
Тепловая завеса Тепломаш КЭВ-4П1153Е Электрическая,КЭВ-4П1153Е,7600,commodity,vat20,2466276880
Тепловая завеса Тепломаш КЭВ-5П1151Е Электрическая,КЭВ-5П1151Е,8980,commodity,vat20,2466276880
Тепловая завеса Тепломаш КЭВ-6П1263Е Электрическая,КЭВ-6П1263Е,15800,commodity,vat20,2466276880
Тепловая завеса Тепломаш КЭВ-8П1063Е Электрическая,КЭВ-8П1063Е,16000,commodity,vat20,2466276880
Тепловая завеса Тепломаш КЭВ-10П1061Е Электрическая,КЭВ-10П1061Е,18000,commodity,vat20,2466276880
Тепловая завеса Тепломаш КЭВ-1.5П1122Е Электрическая,КЭВ-1.5П1122Е,2940,commodity,vat20,2466276880
Тепловая завеса Тепломаш КЭВ-2П1122Е Электрическая,КЭВ-2П1122Е,3045,commodity,vat20,2466276880
Тепловая завеса Тепломаш КЭВ-3П1154Е Электрическая,КЭВ-3П1154Е,6580,commodity,vat20,2466276880
Тепловая завеса Тепломаш КЭВ-4П1154Е Электрическая,КЭВ-4П1154Е,6740,commodity,vat20,2466276880
Тепловая завеса Тепломаш КЭВ-5П1152Е Электрическая,КЭВ-5П1152Е,7720,commodity,vat20,2466276880
Тепловая завеса Тепломаш КЭВ-6П1264Е Электрическая,КЭВ-6П1264Е,13870,commodity,vat20,2466276880
Тепловая завеса Тепломаш КЭВ-8П1064Е Электрическая,КЭВ-8П1064Е,14200,commodity,vat20,2466276880
Тепловая завеса Тепломаш КЭВ-10П1062Е Электрическая,КЭВ-10П1062Е,15980,commodity,vat20,2466276880
Тепловая завеса Тепломаш КЭВ-6П2212Е Электрическая,КЭВ-6П2212Е,14430,commodity,vat20,2466276880
Тепловая завеса Тепломаш КЭВ-6П2222Е Электрическая,КЭВ-6П2222Е,20370,commodity,vat20,2466276880
Тепловая завеса Тепломаш КЭВ-6П2012Е Электрическая,КЭВ-6П2012Е,14430,commodity,vat20,2466276880
Тепловая завеса Тепломаш КЭВ-6П2022Е Электрическая,КЭВ-6П2022Е,20370,commodity,vat20,2466276880
Тепловая завеса Тепломаш КЭВ-9П2012Е Электрическая,КЭВ-9П2012Е,14640,commodity,vat20,2466276880
Тепловая завеса Тепломаш КЭВ-9П2022Е Электрическая,КЭВ-9П2022Е,20790,commodity,vat20,2466276880
Тепловая завеса Тепломаш КЭВ-12П2022Е Электрическая,КЭВ-12П2022Е,20900,commodity,vat20,2466276880
Воздушная завеса Тепломаш КЭВ-П2112A Без нагрева,КЭВ-П2112A,11000,commodity,vat20,2466276880
Воздушная завеса Тепломаш КЭВ-П2122A Без нагрева,КЭВ-П2122A,16900,commodity,vat20,2466276880
Тепловая завеса Тепломаш КЭВ-6П2211Е Электрическая,КЭВ-6П2211Е,15850,commodity,vat20,2466276880
Тепловая завеса Тепломаш КЭВ-6П2221Е Электрическая,КЭВ-6П2221Е,22000,commodity,vat20,2466276880
Тепловая завеса Тепломаш КЭВ-6П2011Е Электрическая,КЭВ-6П2011Е,15850,commodity,vat20,2466276880
Тепловая завеса Тепломаш КЭВ-6П2021Е Электрическая,КЭВ-6П2021Е,22000,commodity,vat20,2466276880
Тепловая завеса Тепломаш КЭВ-9П2011Е Электрическая,КЭВ-9П2011Е,16270,commodity,vat20,2466276880
Тепловая завеса Тепломаш КЭВ-9П2021Е Электрическая,КЭВ-9П2021Е,22350,commodity,vat20,2466276880
Тепловая завеса Тепломаш КЭВ-12П2021Е Электрическая,КЭВ-12П2021Е,22650,commodity,vat20,2466276880
Тепловая завеса Тепломаш КЭВ-20П2111W Водяная,КЭВ-20П2111W,19490,commodity,vat20,2466276880
Тепловая завеса Тепломаш КЭВ-29П2121W Водяная,КЭВ-29П2121W,25850,commodity,vat20,2466276880
Воздушная завеса Тепломаш КЭВ- П2111А Без нагрева,КЭВ-П2111А,13460,commodity,vat20,2466276880
Воздушная завеса Тепломаш КЭВ- П2121А Без нагрева,КЭВ-П2121А,18950,commodity,vat20,2466276880
Тепловая завеса Тепломаш КЭВ-6П2213Е Электрическая,КЭВ-6П2213Е,17700,commodity,vat20,2466276880
Тепловая завеса Тепломаш КЭВ-6П2223Е Электрическая,КЭВ-6П2223Е,24150,commodity,vat20,2466276880
Тепловая завеса Тепломаш КЭВ-6П2013Е Электрическая,КЭВ-6П2013Е,17700,commodity,vat20,2466276880
Тепловая завеса Тепломаш КЭВ-6П2023Е Электрическая,КЭВ-6П2023Е,24150,commodity,vat20,2466276880
Тепловая завеса Тепломаш КЭВ-9П2013Е Электрическая,КЭВ-9П2013Е,17800,commodity,vat20,2466276880
Тепловая завеса Тепломаш КЭВ-9П2023Е Электрическая,КЭВ-9П2023Е,24450,commodity,vat20,2466276880
Тепловая завеса Тепломаш КЭВ-12П2023Е Электрическая,КЭВ-12П2023Е,24670,commodity,vat20,2466276880
Воздушная завеса Тепломаш КЭВ-П2113A Без нагрева,КЭВ-П2113A,15450,commodity,vat20,2466276880
Воздушная завеса Тепломаш КЭВ-П2123A Без нагрева,КЭВ-П2123A,20700,commodity,vat20,2466276880
Тепловая завеса Тепломаш КЭВ-6П2271E Электрическая,КЭВ-6П2271E,18300,commodity,vat20,2466276880
Тепловая завеса Тепломаш КЭВ-9П2071Е Электрическая,КЭВ-9П2071Е,18850,commodity,vat20,2466276880
Тепловая завеса Тепломаш КЭВ-6П2281Е Электрическая,КЭВ-6П2281Е,26000,commodity,vat20,2466276880
Тепловая завеса Тепломаш КЭВ-9П2081Е Электрическая,КЭВ-9П2081Е,26450,commodity,vat20,2466276880
Тепловая завеса Тепломаш КЭВ-12П2081Е Электрическая,КЭВ-12П2081Е,26500,commodity,vat20,2466276880
Тепловая завеса Тепломаш КЭВ-20П2171W Водяная,КЭВ-20П2171W,24600,commodity,vat20,2466276880
Тепловая завеса Тепломаш КЭВ-29П2181W Водяная,КЭВ-29П2181W,31600,commodity,vat20,2466276880
Воздушная завеса Тепломаш КЭВ-П2171A Без нагрева,КЭВ-П2171A,16800,commodity,vat20,2466276880
Воздушная завеса Тепломаш КЭВ-П2181A Без нагрева,КЭВ-П2181A,22050,commodity,vat20,2466276880
Тепловая завеса Тепломаш КЭВ-6П3232Е Электрическая,КЭВ-6П3232Е ,17330,commodity,vat20,2466276880
Тепловая завеса Тепломаш КЭВ-6П3032Е Электрическая,КЭВ-6П3032Е,17330,commodity,vat20,2466276880
Тепловая завеса Тепломаш КЭВ-9П3032Е Электрическая,КЭВ-9П3032Е,17530,commodity,vat20,2466276880
Тепловая завеса Тепломаш КЭВ-9П3012Е Электрическая,КЭВ-9П3012Е,24520,commodity,vat20,2466276880
Тепловая завеса Тепломаш КЭВ-12П3012Е Электрическая,КЭВ-12П3012Е,24600,commodity,vat20,2466276880
Тепловая завеса Тепломаш КЭВ-15П3012Е Электрическая,КЭВ-15П3012Е,24940,commodity,vat20,2466276880
Тепловая завеса Тепломаш КЭВ-12П3042Е Электрическая,КЭВ-12П3042Е,28750,commodity,vat20,2466276880
Тепловая завеса Тепломаш КЭВ-18П3042Е Электрическая,КЭВ-18П3042Е,30100,commodity,vat20,2466276880
Воздушная завеса Тепломаш КЭВ-П3112А Без нагрева,КЭВ-П3112А,21000,commodity,vat20,2466276880
Воздушная завеса Тепломаш КЭВ-П3132А Без нагрева,КЭВ-П3132А,15000,commodity,vat20,2466276880
Воздушная завеса Тепломаш КЭВ-П3142А Без нагрева,КЭВ-П3142А,24100,commodity,vat20,2466276880
Тепловая завеса Тепломаш КЭВ-6П3231Е Электрическая,КЭВ-6П3231Е ,19900,commodity,vat20,2466276880
Тепловая завеса Тепломаш КЭВ-6П3031Е Электрическая,КЭВ-6П3031Е,19900,commodity,vat20,2466276880
Тепловая завеса Тепломаш КЭВ-9П3031Е Электрическая,КЭВ-9П3031Е,20050,commodity,vat20,2466276880
Тепловая завеса Тепломаш КЭВ-12П3031Е Электрическая,КЭВ-12П3031Е,20100,commodity,vat20,2466276880
Тепловая завеса Тепломаш КЭВ-9П3011Е Электрическая,КЭВ-9П3011Е,27240,commodity,vat20,2466276880
Тепловая завеса Тепломаш КЭВ-12П3011Е Электрическая,КЭВ-12П3011Е,27450,commodity,vat20,2466276880
Тепловая завеса Тепломаш КЭВ-15П3011Е Электрическая,КЭВ-15П3011Е,27720,commodity,vat20,2466276880
Тепловая завеса Тепломаш КЭВ-12П3041Е Электрическая,КЭВ-12П3041Е,31920,commodity,vat20,2466276880
Тепловая завеса Тепломаш КЭВ-18П3041Е Электрическая,КЭВ-18П3041Е,32850,commodity,vat20,2466276880
Тепловая завеса Тепломаш КЭВ-24П3041Е Электрическая,КЭВ-24П3041Е,35100,commodity,vat20,2466276880
Тепловая завеса Тепломаш КЭВ-28П3131W Водяная,КЭВ-28П3131W,25240,commodity,vat20,2466276880
Тепловая завеса Тепломаш КЭВ-42П3111W Водяная,КЭВ-42П3111W,32890,commodity,vat20,2466276880
Тепловая завеса Тепломаш КЭВ-60П3141W Водяная,КЭВ-60П3141W,41100,commodity,vat20,2466276880
Воздушная завеса Тепломаш КЭВ-П3111А Без нагрева,КЭВ-П3111А,23300,commodity,vat20,2466276880
Воздушная завеса Тепломаш КЭВ-П3131А Без нагрева,КЭВ-П3131А,16610,commodity,vat20,2466276880
Воздушная завеса Тепломаш КЭВ-П3141А Без нагрева,КЭВ-П3141А,26900,commodity,vat20,2466276880
Тепловая завеса Тепломаш КЭВ-6П3233Е Электрическая,КЭВ-6П3233Е ,21150,commodity,vat20,2466276880
Тепловая завеса Тепломаш КЭВ-6П3033Е Электрическая,КЭВ-6П3033Е,21150,commodity,vat20,2466276880
Тепловая завеса Тепломаш КЭВ-9П3033Е Электрическая,КЭВ-9П3033Е,21350,commodity,vat20,2466276880
Тепловая завеса Тепломаш КЭВ-9П3013Е Электрическая,КЭВ-9П3013Е,29350,commodity,vat20,2466276880
Тепловая завеса Тепломаш КЭВ-12П3013Е Электрическая,КЭВ-12П3013Е,29550,commodity,vat20,2466276880
Тепловая завеса Тепломаш КЭВ-15П3013Е Электрическая,КЭВ-15П3013Е,29870,commodity,vat20,2466276880
Тепловая завеса Тепломаш КЭВ-12П3043Е Электрическая,КЭВ-12П3043Е,34450,commodity,vat20,2466276880
Тепловая завеса Тепломаш КЭВ-18П3043Е Электрическая,КЭВ-18П3043Е,35050,commodity,vat20,2466276880
Воздушная завеса Тепломаш КЭВ-П3113А Без нагрева,КЭВ-П3113А,24850,commodity,vat20,2466276880
Воздушная завеса Тепломаш КЭВ-П3133А Без нагрева,КЭВ-П3133А,18600,commodity,vat20,2466276880
Воздушная завеса Тепломаш КЭВ-П3143А Без нагрева,КЭВ-П3143А,28550,commodity,vat20,2466276880
Тепловая завеса Тепломаш КЭВ-6П3271Е Электрическая,КЭВ-6П3271Е,23400,commodity,vat20,2466276880
Тепловая завеса Тепломаш КЭВ-9П3071Е Электрическая,КЭВ-9П3071Е,23700,commodity,vat20,2466276880
Тепловая завеса Тепломаш КЭВ-9П3081E Электрическая,КЭВ-9П3081E,33100,commodity,vat20,2466276880
Тепловая завеса Тепломаш КЭВ-12П3081E Электрическая,КЭВ-12П3081E,33450,commodity,vat20,2466276880
Тепловая завеса Тепломаш КЭВ-15П3081E Электрическая,КЭВ-15П3081E,33700,commodity,vat20,2466276880
Тепловая завеса Тепломаш КЭВ-12П3091E Электрическая,КЭВ-12П3091E,38700,commodity,vat20,2466276880
Тепловая завеса Тепломаш КЭВ-18П3091E Электрическая,КЭВ-18П3091E,40600,commodity,vat20,2466276880
Тепловая завеса Тепломаш КЭВ-28П3171W Водяная,КЭВ-28П3171W,32500,commodity,vat20,2466276880
Тепловая завеса Тепломаш КЭВ-42П3181W Водяная,КЭВ-42П3181W,41150,commodity,vat20,2466276880
Тепловая завеса Тепломаш КЭВ-60П3191W Водяная,КЭВ-60П3191W,48300,commodity,vat20,2466276880
Воздушная завеса Тепломаш КЭВ-П3171А Без нагрева,КЭВ-П3171А,20900,commodity,vat20,2466276880
Воздушная завеса Тепломаш КЭВ-П3181А Без нагрева,КЭВ-П3181А,28800,commodity,vat20,2466276880
Воздушная завеса Тепломаш КЭВ-П3191А Без нагрева,КЭВ-П3191А,32150,commodity,vat20,2466276880
Тепловая завеса Тепломаш КЭВ-9П4032Е Электрическая,КЭВ-9П4032Е,22260,commodity,vat20,2466276880
Тепловая завеса Тепломаш КЭВ-12П4032Е Электрическая,КЭВ-12П4032Е,23250,commodity,vat20,2466276880
Тепловая завеса Тепломаш КЭВ-18П4032Е Электрическая,КЭВ-18П4032Е,23780,commodity,vat20,2466276880
Тепловая завеса Тепломаш КЭВ-12П4042Е Электрическая,КЭВ-12П4042Е,30750,commodity,vat20,2466276880
Тепловая завеса Тепломаш КЭВ-18П4042Е Электрическая,КЭВ-18П4042Е,32850,commodity,vat20,2466276880
Тепловая завеса Тепломаш КЭВ-24П4042Е Электрическая,КЭВ-24П4042Е,34250,commodity,vat20,2466276880
Тепловая завеса Тепломаш КЭВ-18П4022Е Электрическая,КЭВ-18П4022Е,34950,commodity,vat20,2466276880
Тепловая завеса Тепломаш КЭВ-24П4022Е Электрическая,КЭВ-24П4022Е,36400,commodity,vat20,2466276880
Тепловая завеса Тепломаш КЭВ-36П4022Е Электрическая,КЭВ-36П4022Е,38750,commodity,vat20,2466276880
Воздушная завеса Тепломаш КЭВ-П4122А Без нагрева,КЭВ-П4122А,27560,commodity,vat20,2466276880
Воздушная завеса Тепломаш КЭВ-П4132А Без нагрева,КЭВ-П4132А,18650,commodity,vat20,2466276880
Воздушная завеса Тепломаш КЭВ-П4142А Без нагрева,КЭВ-П4142А,26350,commodity,vat20,2466276880
Тепловая завеса Тепломаш КЭВ-9П4031Е Электрическая,КЭВ-9П4031Е,24830,commodity,vat20,2466276880
Тепловая завеса Тепломаш КЭВ-12П4031Е Электрическая,КЭВ-12П4031Е,25930,commodity,vat20,2466276880
Тепловая завеса Тепломаш КЭВ-18П4031Е Электрическая,КЭВ-18П4031Е,26350,commodity,vat20,2466276880
Тепловая завеса Тепломаш КЭВ-12П4041Е Электрическая,КЭВ-12П4041Е,34100,commodity,vat20,2466276880
Тепловая завеса Тепломаш КЭВ-18П4041Е Электрическая,КЭВ-18П4041Е,37380,commodity,vat20,2466276880
Тепловая завеса Тепломаш КЭВ-24П4041Е Электрическая,КЭВ-24П4041Е,38400,commodity,vat20,2466276880
Тепловая завеса Тепломаш КЭВ-18П4021Е Электрическая,КЭВ-18П4021Е,38700,commodity,vat20,2466276880
Тепловая завеса Тепломаш КЭВ-24П4021Е Электрическая,КЭВ-24П4021Е,40350,commodity,vat20,2466276880
Тепловая завеса Тепломаш КЭВ-36П4021Е Электрическая,КЭВ-36П4021Е,44100,commodity,vat20,2466276880
Тепловая завеса Тепломаш КЭВ-44П4131W Водяная,КЭВ-44П4131W,30500,commodity,vat20,2466276880
Тепловая завеса Тепломаш КЭВ-70П4141W Водяная,КЭВ-70П4141W,41250,commodity,vat20,2466276880
Тепловая завеса Тепломаш КЭВ-98П4121W Водяная,КЭВ-98П4121W,46950,commodity,vat20,2466276880
Воздушная завеса Тепломаш КЭВ-П4121А Без нагрева,КЭВ-П4121А,31500,commodity,vat20,2466276880
Воздушная завеса Тепломаш КЭВ-П4131А Без нагрева,КЭВ-П4131А,20680,commodity,vat20,2466276880
Воздушная завеса Тепломаш КЭВ-П4141А Без нагрева,КЭВ-П4141А,29150,commodity,vat20,2466276880
Тепловая завеса Тепломаш КЭВ-12П4034Е Электрическая,КЭВ-12П4034Е,27980,commodity,vat20,2466276880
Тепловая завеса Тепломаш КЭВ-18П4034Е Электрическая,КЭВ-18П4034Е,28870,commodity,vat20,2466276880
Тепловая завеса Тепломаш КЭВ-27П4034Е Электрическая,КЭВ-27П4034Е,29600,commodity,vat20,2466276880
Тепловая завеса Тепломаш КЭВ-18П4044Е Электрическая,КЭВ-18П4044Е,41520,commodity,vat20,2466276880
Тепловая завеса Тепломаш КЭВ-24П4044Е Электрическая,КЭВ-24П4044Е,43650,commodity,vat20,2466276880
Тепловая завеса Тепломаш КЭВ-36П4044Е Электрическая,КЭВ-36П4044Е,45400,commodity,vat20,2466276880
Тепловая завеса Тепломаш КЭВ-24П4024Е Электрическая,КЭВ-24П4024Е,47900,commodity,vat20,2466276880
Тепловая завеса Тепломаш КЭВ-36П4024Е Электрическая,КЭВ-36П4024Е,49350,commodity,vat20,2466276880
Тепловая завеса Тепломаш КЭВ-54П4024Е Электрическая,КЭВ-54П4024Е,52750,commodity,vat20,2466276880
Тепловая завеса Тепломаш КЭВ-50П4134W Водяная,КЭВ-50П4134W,33750,commodity,vat20,2466276880
Тепловая завеса Тепломаш КЭВ-85П4144W Водяная,КЭВ-85П4144W,51000,commodity,vat20,2466276880
Тепловая завеса Тепломаш КЭВ-110П4124W Водяная,КЭВ-110П4124W,53500,commodity,vat20,2466276880
Воздушная завеса Тепломаш КЭВ-П4134A Без нагрева,КЭВ-П4134A,23350,commodity,vat20,2466276880
Воздушная завеса Тепломаш КЭВ-П4144A Без нагрева,КЭВ-П4144A,35600,commodity,vat20,2466276880
Воздушная завеса Тепломаш КЭВ-П4124A Без нагрева,КЭВ-П4124A,37400,commodity,vat20,2466276880
Тепловая завеса Тепломаш КЭВ-9П4033Е Электрическая,КЭВ-9П4033Е,25950,commodity,vat20,2466276880
Тепловая завеса Тепломаш КЭВ-12П4033Е Электрическая,КЭВ-12П4033Е,27000,commodity,vat20,2466276880
Тепловая завеса Тепломаш КЭВ-18П4033Е Электрическая,КЭВ-18П4033Е,27200,commodity,vat20,2466276880
Тепловая завеса Тепломаш КЭВ-12П4043Е Электрическая,КЭВ-12П4043Е,34750,commodity,vat20,2466276880
Тепловая завеса Тепломаш КЭВ-18П4043Е Электрическая,КЭВ-18П4043Е,38100,commodity,vat20,2466276880
Тепловая завеса Тепломаш КЭВ-24П4043Е Электрическая,КЭВ-24П4043Е,38800,commodity,vat20,2466276880
Тепловая завеса Тепломаш КЭВ-18П4023Е Электрическая,КЭВ-18П4023Е,40500,commodity,vat20,2466276880
Тепловая завеса Тепломаш КЭВ-24П4023Е Электрическая,КЭВ-24П4023Е,42200,commodity,vat20,2466276880
Тепловая завеса Тепломаш КЭВ-36П4023Е Электрическая,КЭВ-36П4023Е,45250,commodity,vat20,2466276880
Воздушная завеса Тепломаш КЭВ-П4123А Без нагрева,КЭВ-П4123А,32900,commodity,vat20,2466276880
Воздушная завеса Тепломаш КЭВ-П4133А Без нагрева,КЭВ-П4133А,21650,commodity,vat20,2466276880
Воздушная завеса Тепломаш КЭВ-П4143А Без нагрева,КЭВ-П4143А,29900,commodity,vat20,2466276880
Тепловая завеса Тепломаш КЭВ-9П4071Е Электрическая,КЭВ-9П4071Е,28800,commodity,vat20,2466276880
Тепловая завеса Тепломаш КЭВ-12П4071Е Электрическая,КЭВ-12П4071Е,29200,commodity,vat20,2466276880
Тепловая завеса Тепломаш КЭВ-18П4071Е Электрическая,КЭВ-18П4071Е,29800,commodity,vat20,2466276880
Тепловая завеса Тепломаш КЭВ-12П4081Е Электрическая,КЭВ-12П4081Е,39300,commodity,vat20,2466276880
Тепловая завеса Тепломаш КЭВ-18П4081Е Электрическая,КЭВ-18П4081Е,43150,commodity,vat20,2466276880
Тепловая завеса Тепломаш КЭВ-24П4081Е Электрическая,КЭВ-24П4081Е,45200,commodity,vat20,2466276880
Тепловая завеса Тепломаш КЭВ-18П4091Е Электрическая,КЭВ-18П4091Е,46850,commodity,vat20,2466276880
Тепловая завеса Тепломаш КЭВ-24П4091Е Электрическая,КЭВ-24П4091Е,48900,commodity,vat20,2466276880
Тепловая завеса Тепломаш КЭВ-36П4091Е Электрическая,КЭВ-36П4091Е,50300,commodity,vat20,2466276880
Тепловая завеса Тепломаш КЭВ-44П4171W Водяная,КЭВ-44П4171W,37800,commodity,vat20,2466276880
Тепловая завеса Тепломаш КЭВ-70П4181W Водяная,КЭВ-70П4181W,49750,commodity,vat20,2466276880
Тепловая завеса Тепломаш КЭВ-98П4191W Водяная,КЭВ-98П4191W,58400,commodity,vat20,2466276880
Воздушная завеса Тепломаш КЭВ-П4171A Без нагрева,КЭВ-П4171A,23500,commodity,vat20,2466276880
Воздушная завеса Тепломаш КЭВ-П4181A Без нагрева,КЭВ-П4181A,34600,commodity,vat20,2466276880
Воздушная завеса Тепломаш КЭВ-П4191A Без нагрева,КЭВ-П4191A,36000,commodity,vat20,2466276880
Тепловая завеса Тепломаш КЭВ-12П4050Е Электрическая,КЭВ-12П4050Е,48200,commodity,vat20,2466276880
Тепловая завеса Тепломаш КЭВ-18П4050Е Электрическая,КЭВ-18П4050Е,48800,commodity,vat20,2466276880
Тепловая завеса Тепломаш КЭВ-12П4060Е Электрическая,КЭВ-12П4060Е,64700,commodity,vat20,2466276880
Тепловая завеса Тепломаш КЭВ-24П4060Е Электрическая,КЭВ-24П4060Е,66900,commodity,vat20,2466276880
Тепловая завеса Тепломаш КЭВ-36П4060Е Электрическая,КЭВ-36П4060Е,68000,commodity,vat20,2466276880
Тепловая завеса Тепломаш КЭВ-75П4050W Водяная,КЭВ-75П4050W,52700,commodity,vat20,2466276880
Тепловая завеса Тепломаш КЭВ-100П4060W Водяная,КЭВ-100П4060W,69700,commodity,vat20,2466276880
Воздушная завеса Тепломаш КЭВ-П4050А Без нагрева,КЭВ-П4050А,43000,commodity,vat20,2466276880
Воздушная завеса Тепломаш КЭВ-П4060А Без нагрева,КЭВ-П4060А,59500,commodity,vat20,2466276880
Тепловая завеса Тепломаш КЭВ-35П4150G Газовая,КЭВ-35П4150G,305433,commodity,vat20,2466276880
Тепловая завеса Тепломаш КЭВ-55П4160G Газовая,КЭВ-55П4160G,367767,commodity,vat20,2466276880
Тепловая завеса Тепломаш КЭВ-18П5031Е Электрическая,КЭВ-18П5031Е,54850,commodity,vat20,2466276880
Тепловая завеса Тепломаш КЭВ-24П5031Е Электрическая,КЭВ-24П5031Е,55900,commodity,vat20,2466276880
Тепловая завеса Тепломаш КЭВ-36П5031Е Электрическая,КЭВ-36П5031Е,56950,commodity,vat20,2466276880
Тепловая завеса Тепломаш КЭВ-45П5031Е Электрическая,КЭВ-45П5031Е,57400,commodity,vat20,2466276880
Тепловая завеса Тепломаш КЭВ-24П5041Е Электрическая,КЭВ-24П5041Е,61600,commodity,vat20,2466276880
Тепловая завеса Тепломаш КЭВ-36П5041Е Электрическая,КЭВ-36П5041Е,61800,commodity,vat20,2466276880
Тепловая завеса Тепломаш КЭВ-54П5041Е Электрическая,КЭВ-54П5041Е,62750,commodity,vat20,2466276880
Тепловая завеса Тепломаш КЭВ-130П5131W Водяная,КЭВ-130П5131W,68950,commodity,vat20,2466276880
Тепловая завеса Тепломаш КЭВ-190П5141W Водяная,КЭВ-190П5141W,77250,commodity,vat20,2466276880
Воздушная завеса Тепломаш КЭВ-П5131А Без нагрева,КЭВ-П5131А,49300,commodity,vat20,2466276880
Воздушная завеса Тепломаш КЭВ-П5141А Без нагрева,КЭВ-П5141А,57700,commodity,vat20,2466276880
Тепловая завеса Тепломаш КЭВ-18П5032Е Электрическая,КЭВ-18П5032Е,52800,commodity,vat20,2466276880
Тепловая завеса Тепломаш КЭВ-24П5032Е Электрическая,КЭВ-24П5032Е,53850,commodity,vat20,2466276880
Тепловая завеса Тепломаш КЭВ-36П5032Е Электрическая,КЭВ-36П5032Е,54850,commodity,vat20,2466276880
Тепловая завеса Тепломаш КЭВ-45П5032Е Электрическая,КЭВ-45П5032Е,55350,commodity,vat20,2466276880
Тепловая завеса Тепломаш КЭВ-24П5042Е Электрическая,КЭВ-24П5042Е,60050,commodity,vat20,2466276880
Тепловая завеса Тепломаш КЭВ-36П5042Е Электрическая,КЭВ-36П5042Е,60200,commodity,vat20,2466276880
Тепловая завеса Тепломаш КЭВ-54П5042Е Электрическая,КЭВ-54П5042Е,62250,commodity,vat20,2466276880
Тепловая завеса Тепломаш КЭВ-130П5132W Водяная,КЭВ-130П5132W,66450,commodity,vat20,2466276880
Тепловая завеса Тепломаш КЭВ-190П5142W Водяная,КЭВ-190П5142W,75200,commodity,vat20,2466276880
Воздушная завеса Тепломаш КЭВ-П5132А Без нагрева,КЭВ-П5132А,47550,commodity,vat20,2466276880
Воздушная завеса Тепломаш КЭВ-П5142А Без нагрева,КЭВ-П5142А,52350,commodity,vat20,2466276880
Тепловая завеса Тепломаш КЭВ-18П5033Е Электрическая,КЭВ-18П5033Е,58400,commodity,vat20,2466276880
Тепловая завеса Тепломаш КЭВ-24П5033Е Электрическая,КЭВ-24П5033Е,58700,commodity,vat20,2466276880
Тепловая завеса Тепломаш КЭВ-36П5033Е Электрическая,КЭВ-36П5033Е,59750,commodity,vat20,2466276880
Тепловая завеса Тепломаш КЭВ-45П5033Е Электрическая,КЭВ-45П5033Е,60250,commodity,vat20,2466276880
Тепловая завеса Тепломаш КЭВ-24П5043Е Электрическая,КЭВ-24П5043Е,67800,commodity,vat20,2466276880
Тепловая завеса Тепломаш КЭВ-36П5043Е Электрическая,КЭВ-36П5043Е,68100,commodity,vat20,2466276880
Тепловая завеса Тепломаш КЭВ-54П5043Е Электрическая,КЭВ-54П5043Е,69100,commodity,vat20,2466276880
Тепловая завеса Тепломаш КЭВ-130П5133W Водяная,КЭВ-130П5133W,73750,commodity,vat20,2466276880
Тепловая завеса Тепломаш КЭВ-190П5143W Водяная,КЭВ-190П5143W,82900,commodity,vat20,2466276880
Воздушная завеса Тепломаш КЭВ-П5133А Без нагрева,КЭВ-П5133А,53350,commodity,vat20,2466276880
Воздушная завеса Тепломаш КЭВ-П5143А Без нагрева,КЭВ-П5143А,62400,commodity,vat20,2466276880
Тепловая завеса Тепломаш КЭВ-18П5050Е Электрическая,КЭВ-18П5050Е,53450,commodity,vat20,2466276880
Тепловая завеса Тепломаш КЭВ-24П5050Е Электрическая,КЭВ-24П5050Е,57300,commodity,vat20,2466276880
Тепловая завеса Тепломаш КЭВ-36П5050Е Электрическая,КЭВ-36П5050Е,58350,commodity,vat20,2466276880
Тепловая завеса Тепломаш КЭВ-24П5060Е Электрическая,КЭВ-24П5060Е,70800,commodity,vat20,2466276880
Тепловая завеса Тепломаш КЭВ-36П5060Е Электрическая,КЭВ-36П5060Е,73100,commodity,vat20,2466276880
Тепловая завеса Тепломаш КЭВ-48П5060Е Электрическая,КЭВ-48П5060Е,74450,commodity,vat20,2466276880
Тепловая завеса Тепломаш КЭВ-140П5110W Водяная,КЭВ-140П5110W,84300,commodity,vat20,2466276880
Тепловая завеса Тепломаш КЭВ-200П5120W Водяная,КЭВ-200П5120W,107500,commodity,vat20,2466276880
Тепловая завеса Тепломаш КЭВ-125П5050W Водяная,КЭВ-125П5050W,64800,commodity,vat20,2466276880
Тепловая завеса Тепломаш КЭВ-175П5060W Водяная,КЭВ-175П5060W,75900,commodity,vat20,2466276880
Воздушная завеса Тепломаш КЭВ- П5050А Без нагрева,КЭВ- П5050А,44700,commodity,vat20,2466276880
Воздушная завеса Тепломаш КЭВ- П5060А Без нагрева,КЭВ- П5060А,57000,commodity,vat20,2466276880
Тепловая завеса Тепломаш КЭВ-18П5051Е Электрическая,КЭВ-18П5051Е,56500,commodity,vat20,2466276880
Тепловая завеса Тепломаш КЭВ-24П5051Е Электрическая,КЭВ-24П5051Е,60100,commodity,vat20,2466276880
Тепловая завеса Тепломаш КЭВ-36П5051Е Электрическая,КЭВ-36П5051Е,60700,commodity,vat20,2466276880
Тепловая завеса Тепломаш КЭВ-24П5061Е Электрическая,КЭВ-24П5061Е,75800,commodity,vat20,2466276880
Тепловая завеса Тепломаш КЭВ-36П5061Е Электрическая,КЭВ-36П5061Е,78300,commodity,vat20,2466276880
Тепловая завеса Тепломаш КЭВ-48П5061Е Электрическая,КЭВ-48П5061Е,79700,commodity,vat20,2466276880
Тепловая завеса Тепломаш КЭВ-125П5051W Водяная,КЭВ-125П5051W,67800,commodity,vat20,2466276880
Тепловая завеса Тепломаш КЭВ-175П5061W Водяная,КЭВ-175П5061W,86400,commodity,vat20,2466276880
Воздушная завеса Тепломаш КЭВ- П5051А Без нагрева,КЭВ- П5051А,48600,commodity,vat20,2466276880
Воздушная завеса Тепломаш КЭВ- П5061А Без нагрева,КЭВ- П5061А,63300,commodity,vat20,2466276880
Тепловая завеса Тепломаш КЭВ-12П6011Е Электрическая,КЭВ-12П6011Е,46650,commodity,vat20,2466276880
Тепловая завеса Тепломаш КЭВ-18П6011Е Электрическая,КЭВ-18П6011Е,46700,commodity,vat20,2466276880
Тепловая завеса Тепломаш КЭВ-24П6011Е Электрическая,КЭВ-24П6011Е,48200,commodity,vat20,2466276880
Тепловая завеса Тепломаш КЭВ-24П6031Е Электрическая,КЭВ-24П6031Е,66400,commodity,vat20,2466276880
Тепловая завеса Тепломаш КЭВ-36П6031Е Электрическая,КЭВ-36П6031Е,66900,commodity,vat20,2466276880
Тепловая завеса Тепломаш КЭВ-48П6031Е Электрическая,КЭВ-48П6031Е,73200,commodity,vat20,2466276880
Тепловая завеса Тепломаш КЭВ-50П6111W Водяная,КЭВ-50П6111W,56200,commodity,vat20,2466276880
Тепловая завеса Тепломаш КЭВ-110П6131W Водяная,КЭВ-110П6131W,85300,commodity,vat20,2466276880
Воздушная завеса Тепломаш КЭВ-П6111A Без нагрева,КЭВ-П6111A,41200,commodity,vat20,2466276880
Воздушная завеса Тепломаш КЭВ-П6131A Без нагрева,КЭВ-П6131A,60500,commodity,vat20,2466276880
Тепловая завеса Тепломаш КЭВ-12П6047Е Электрическая,КЭВ-12П6047Е,69900,commodity,vat20,2466276880
Тепловая завеса Тепломаш КЭВ-18П6047Е Электрическая,КЭВ-18П6047Е,71200,commodity,vat20,2466276880
Тепловая завеса Тепломаш КЭВ-24П6047Е Электрическая,КЭВ-24П6047Е,72400,commodity,vat20,2466276880
Тепловая завеса Тепломаш КЭВ-18П6044Е Электрическая,КЭВ-18П6044Е,80900,commodity,vat20,2466276880
Тепловая завеса Тепломаш КЭВ-24П6044Е Электрическая,КЭВ-24П6044Е,81400,commodity,vat20,2466276880
Тепловая завеса Тепломаш КЭВ-36П6044Е Электрическая,КЭВ-36П6044Е,83700,commodity,vat20,2466276880
Тепловая завеса Тепломаш КЭВ-18П6048Е Электрическая,КЭВ-18П6048Е,83100,commodity,vat20,2466276880
Тепловая завеса Тепломаш КЭВ-24П6048Е Электрическая,КЭВ-24П6048Е,83700,commodity,vat20,2466276880
Тепловая завеса Тепломаш КЭВ-30П6048Е Электрическая,КЭВ-30П6048Е,84200,commodity,vat20,2466276880
Тепловая завеса Тепломаш КЭВ-24П6045Е Электрическая,КЭВ-24П6045Е,92800,commodity,vat20,2466276880
Тепловая завеса Тепломаш КЭВ-36П6045Е Электрическая,КЭВ-36П6045Е,94900,commodity,vat20,2466276880
Тепловая завеса Тепломаш КЭВ-48П6045Е Электрическая,КЭВ-48П6045Е,96000,commodity,vat20,2466276880
Тепловая завеса Тепломаш КЭВ-18П6049Е Электрическая,КЭВ-18П6049Е,103900,commodity,vat20,2466276880
Тепловая завеса Тепломаш КЭВ-27П6049Е Электрическая,КЭВ-27П6049Е,105800,commodity,vat20,2466276880
Тепловая завеса Тепломаш КЭВ-36П6049Е Электрическая,КЭВ-36П6049Е,109800,commodity,vat20,2466276880
Тепловая завеса Тепломаш КЭВ-27П6046Е Электрическая,КЭВ-27П6046Е,116500,commodity,vat20,2466276880
Тепловая завеса Тепломаш КЭВ-36П6046Е Электрическая,КЭВ-36П6046Е,118400,commodity,vat20,2466276880
Тепловая завеса Тепломаш КЭВ-54П6046Е Электрическая,КЭВ-54П6046Е,120500,commodity,vat20,2466276880
Тепловая завеса Тепломаш КЭВ-52П6147W Водяная,КЭВ-52П6147W,74000,commodity,vat20,2466276880
Тепловая завеса Тепломаш КЭВ-90П6144W Водяная,КЭВ-90П6144W,85000,commodity,vat20,2466276880
Тепловая завеса Тепломаш КЭВ-60П6148W Водяная,КЭВ-60П6148W,85500,commodity,vat20,2466276880
Тепловая завеса Тепломаш КЭВ-115П6145W Водяная,КЭВ-115П6145W,99800,commodity,vat20,2466276880
Тепловая завеса Тепломаш КЭВ-95П6149W Водяная,КЭВ-95П6149W,112000,commodity,vat20,2466276880
Тепловая завеса Тепломаш КЭВ-135П6146W Водяная,КЭВ-135П6146W,124000,commodity,vat20,2466276880
Воздушная завеса Тепломаш КЭВ-П6147A Без нагрева,КЭВ-П6147A,53600,commodity,vat20,2466276880
Воздушная завеса Тепломаш КЭВ-П6144A Без нагрева,КЭВ-П6144A,63500,commodity,vat20,2466276880
Воздушная завеса Тепломаш КЭВ-П6148A Без нагрева,КЭВ-П6148A,69600,commodity,vat20,2466276880
Воздушная завеса Тепломаш КЭВ-П6145A Без нагрева,КЭВ-П6145A,79600,commodity,vat20,2466276880
Воздушная завеса Тепломаш КЭВ-П6149A Без нагрева,КЭВ-П6149A,84000,commodity,vat20,2466276880
Воздушная завеса Тепломаш КЭВ-П6146A Без нагрева,КЭВ-П6146A,92700,commodity,vat20,2466276880
Тепловая завеса Тепломаш КЭВ-24П7010Е Электрическая,КЭВ-24П7010Е,64150,commodity,vat20,2466276880
Тепловая завеса Тепломаш КЭВ-36П7010Е Электрическая,КЭВ-36П7010Е,64900,commodity,vat20,2466276880
Тепловая завеса Тепломаш КЭВ-42П7010Е Электрическая,КЭВ-42П7010Е,66750,commodity,vat20,2466276880
Тепловая завеса Тепломаш КЭВ-36П7020Е Электрическая,КЭВ-36П7020Е,79500,commodity,vat20,2466276880
Тепловая завеса Тепломаш КЭВ-48П7020Е Электрическая,КЭВ-48П7020Е,82000,commodity,vat20,2466276880
Тепловая завеса Тепломаш КЭВ-60П7020Е Электрическая,КЭВ-60П7020Е,83600,commodity,vat20,2466276880
Тепловая завеса Тепломаш КЭВ-170П7010W Водяная,КЭВ-170П7010W,71600,commodity,vat20,2466276880
Тепловая завеса Тепломаш КЭВ-230П7020W Водяная,КЭВ-230П7020W,89000,commodity,vat20,2466276880
Воздушная завеса Тепломаш КЭВ-П7010А Без нагрева,КЭВ-П7010А,52900,commodity,vat20,2466276880
Воздушная завеса Тепломаш КЭВ-П7020А Без нагрева,КЭВ-П7020А,73600,commodity,vat20,2466276880
Воздушная завеса Тепломаш КЭВ-П7151A Без нагрева,КЭВ-П7151A,83250,commodity,vat20,2466276880
Воздушная завеса Тепломаш КЭВ-П7152A Без нагрева,КЭВ-П7152A,160700,commodity,vat20,2466276880
Воздушная завеса Тепломаш КЭВ-П7153A Без нагрева,КЭВ-П7153A,236200,commodity,vat20,2466276880
Воздушная завеса Тепломаш КЭВ-П7154A Без нагрева,КЭВ-П7154A,310000,commodity,vat20,2466276880
Тепловая завеса Тепломаш КЭВ-24П7011Е Электрическая,КЭВ-24П7011Е,66100,commodity,vat20,2466276880
Тепловая завеса Тепломаш КЭВ-36П7011Е Электрическая,КЭВ-36П7011Е,67000,commodity,vat20,2466276880
Тепловая завеса Тепломаш КЭВ-42П7011Е Электрическая,КЭВ-42П7011Е,67700,commodity,vat20,2466276880
Тепловая завеса Тепломаш КЭВ-36П7021Е Электрическая,КЭВ-36П7021Е,84500,commodity,vat20,2466276880
Тепловая завеса Тепломаш КЭВ-48П7021Е Электрическая,КЭВ-48П7021Е,87400,commodity,vat20,2466276880
Тепловая завеса Тепломаш КЭВ-60П7021Е Электрическая,КЭВ-60П7021Е,88900,commodity,vat20,2466276880
Тепловая завеса Тепломаш КЭВ-170П7011W Водяная,КЭВ-170П7011W,74100,commodity,vat20,2466276880
Тепловая завеса Тепломаш КЭВ-230П7021W Водяная,КЭВ-230П7021W,94700,commodity,vat20,2466276880
Воздушная завеса Тепломаш КЭВ-П7011A Без нагрева,КЭВ-П7011A,56300,commodity,vat20,2466276880
Воздушная завеса Тепломаш КЭВ-П7021A Без нагрева,КЭВ-П7021A,74800,commodity,vat20,2466276880
Тепловая завеса Тепломаш КЭВ-75П7030G Газовая,КЭВ-75П7030G,350313,commodity,vat20,2466276880
Тепловая завеса Тепломаш КЭВ-100П7040G Газовая,КЭВ-100П7040G,440073,commodity,vat20,2466276880
Тепловая завеса Тепломаш КЭВ-140П8020W Водяная,КЭВ-140П8020W,0,commodity,vat20,2466276880
Воздушная завеса Тепломаш КЭВ-П8020А Без нагрева,КЭВ-П8020А,0,commodity,vat20,2466276880
Тепловая завеса Тепломаш КЭВ-140П8021W Водяная,КЭВ-140П8021W,0,commodity,vat20,2466276880
Воздушная завеса Тепломаш КЭВ-П8021A Без нагрева,КЭВ-П8021A,0,commodity,vat20,2466276880
Тепловая завеса Тепломаш КЭВ-260П9010W Водяная,КЭВ-260П9010W,0,commodity,vat20,2466276880
Воздушная завеса Тепломаш КЭВ-П9010А Без нагрева,КЭВ-П9010А,0,commodity,vat20,2466276880
Тепловая завеса Тепломаш КЭВ-260П9011W Водяная,КЭВ-260П9011W,0,commodity,vat20,2466276880
Воздушная завеса Тепломаш КЭВ-П9011А Без нагрева,КЭВ-П9011А,0,commodity,vat20,2466276880
Воздушная завеса Тепломаш КЭВ-10010А Без нагрева,КЭВ-10010А,0,commodity,vat20,2466276880
Воздушная завеса Тепломаш КЭВ-10011А Без нагрева,КЭВ-10011А,0,commodity,vat20,2466276880
